,time,user_followers,Polarity,Subjectivity,BERT_SCORE,Vader_Comp,Vader_Pos,Vader_Neg,Vader_Neu,W_Vad_Pos,W_Vad_Neg,W_Vad_Neu,W_Vad_Comp,W_BERT_SCORE,W_Polarity,W_Subjectivity,W_BERT_Label,high,low,open,volumefrom,volumeto,close,Change,Change_Pct,Change_Cat
0,2021-02-05,146921,2.008106061,14.0375,35.87268218,3.8171,2.863,1.54,38.597,10307.586,2982.656,133622.676,19760.6384,128211.6976,2143.072197,31045.54417,-3206,38343.92,36626.5,36983.42,45243.69,1705038314,38310.24,956.77,2.497426276,1
1,2021-02-06,210514,4.705717893,17.33109668,55.5184443,7.8679,4.41,1.455,59.134,5106.29,3948.774,201458.578,150.7883,159904.8821,25444.29286,42288.09991,4061,40989.11,38247.96,38310.24,66494.6,2642530408,39267.01,-398.19,-1.014057347,-1
2,2021-02-07,346520,14.72219577,27.60487383,65.80668655,14.4423,7.241,2.438,68.323,35406.059,5162.42,305968.568,94897.3895,295290.0301,26363.0519,61640.49802,-13589,39721.59,37408.16,39267.01,53823.4,2076904734,38868.82,7568.59,19.47213731,1
3,2021-02-08,719772,13.77463203,39.22108766,123.6008623,24.5663,11.908,3.451,130.639,42371.275,6807.141,670585.586,100617.7717,603114.9658,67824.20751,132948.3479,98831,46606.82,38063.87,38868.82,138485.21,5944522160,46437.41,72.16,0.1553919566,1
4,2021-02-09,299897,6.034393939,20.41409091,84.34490815,11.3195,6.985,3.225,90.791,11847.518,9336.972,278713.151,11168.735,251998.6143,1978.152146,44217.86641,27476,48209.59,45051.46,46437.41,98670.48,4610214635,46509.57,-1654.62,-3.557590406,-1
5,2021-02-10,316245,5.854731842,22.23893699,78.67939749,13.0192,6.465,1.793,81.742,36381.924,2645.194,277218.233,98666.6604,269509.8361,25044.37924,61377.73183,105718,47349.86,43743.99,46509.57,72992.8,3326890835,44854.95,3151.23,7.02537847,1
6,2021-02-11,0,0,0,0,0,0,0,0,0,0,0,0,0,0,0,0,48664.81,44032.66,44854.95,72251.82,3377367972,48006.18,-570.64,-1.188680291,-1
7,2021-02-12,0,0,0,0,0,0,0,0,0,0,0,0,0,0,0,0,48930.99,46243.85,48006.18,59549.61,2831634660,47435.54,-213.22,-0.4494941978,-1
8,2021-02-13,1250967,8.868686869,17.58737374,58.34984273,8.7411,4.035,0.844,60.121,58699.783,923.881,1191343.336,148574.2655,1038177.853,184765.0783,307921.7172,-636373,48171.46,46291.19,47435.54,33281.25,1571324550,47222.32,1430.55,3.029393727,1
9,2021-02-14,561557,18.09959632,41.09301551,88.51854774,30.6039,11.273,1.652,91.073,45909.865,65558.544,450067.42,-109478.8336,412751.356,-170263.302,260520.0669,-328683,49642.39,47096.92,47222.32,37853.59,1841963034,48652.87,-716.36,-1.472390015,-1
10,2021-02-15,182917,24.86969697,46.53073593,89.92373621,41.9402,14.692,1.553,87.754,19840.887,2069.716,161006.28,52112.6788,164621.6368,23900.10568,52766.70406,-266,49031.74,45910,48652.87,52683.57,2502097939,47936.51,1248.12,2.603693928,1
11,2021-02-16,0,0,0,0,0,0,0,0,0,0,0,0,0,0,0,0,50561.53,47068.63,47936.51,66072.59,3237085086,49184.63,2970.28,6.039041058,1
12,2021-02-17,0,0,0,0,0,0,0,0,0,0,0,0,0,0,0,0,52622.68,48967.72,49184.63,67133.49,3423930178,52154.91,-563.3,-1.080051715,-1
13,2021-02-18,560364,6.615010823,14.26864719,48.72858968,7.8596,4.191,1.434,51.375,36990.358,2541.856,520831.786,92711.8633,501134.0096,40453.80463,64045.33711,17734,52550.6,50874.81,52154.91,42530.26,2205232620,51591.61,4341.86,8.415825752,1
14,2021-02-19,1331409,7.233271104,28.49169733,95.75683102,12.429,8.448,3.139,99.411,124803.388,8310.323,1198282.303,137070.4157,1131625.829,36700.54842,169768.0563,130034,56331.09,50766.83,51591.61,72433.44,3893034057,55933.47,-32.63,-0.05833716378,-1
15,2021-02-20,0,0,0,0,0,0,0,0,0,0,0,0,0,0,0,0,57528.16,54140.61,55933.47,52924.57,2974872570,55900.84,1569.11,2.806952454,1
16,2021-02-21,0,0,0,0,0,0,0,0,0,0,0,0,0,0,0,0,58348.75,55516.07,55900.84,33823.01,1934005633,57469.95,-3348.78,-5.827010464,-1
17,2021-02-22,760605,4.729772727,21.70886364,83.37019515,12.4723,7.108,2.636,86.257,141988.91,8158.907,610458.736,312478.2823,699275.1159,-1613.083384,31581.41861,-26123,57540.74,48194.31,57469.95,130806.33,6995162441,54121.17,-5222.47,-9.649588137,-1
18,2021-02-23,0,0,0,0,0,0,0,0,0,0,0,0,0,0,0,0,54164.35,44983.39,54121.17,165758.08,8016450648,48898.7,839.47,1.716753206,1
19,2021-02-24,0,0,0,0,0,0,0,0,0,0,0,0,0,0,0,0,51399.55,47015.55,48898.7,74972.28,3729774705,49738.17,-2655.3,-5.338555882,-1
20,2021-02-25,0,0,0,0,0,0,0,0,0,0,0,0,0,0,0,0,52086.34,46728.88,49738.17,73102.42,3643008749,47082.87,-758.37,-1.610713196,-1
21,2021-02-26,0,0,0,0,0,0,0,0,0,0,0,0,0,0,0,0,48438.38,44153.46,47082.87,90519.05,4204800172,46324.5,-133.11,-0.2873425509,-1
22,2021-02-27,0,0,0,0,0,0,0,0,0,0,0,0,0,0,0,0,48362.8,45063.84,46324.5,39013.78,1831237567,46191.39,-930.36,-2.014141597,-1
23,2021-02-28,293880,1.633333333,6.558333333,27.00751528,3.9314,1.894,0.668,28.438,10129.436,971.48,282779.084,25127.416,272465.0858,10906.28333,29191.50833,1119,46645.9,43061.92,46191.39,62249.5,2776726256,45261.03,4374.04,9.664031066,1
24,2021-03-01,0,0,0,0,0,0,0,0,0,0,0,0,0,0,0,0,49812.2,45058.98,45261.03,65660.6,3146266420,49635.07,-1133.86,-2.28439287,-1
25,2021-03-02,0,0,0,0,0,0,0,0,0,0,0,0,0,0,0,0,50221.14,47097.84,49635.07,43281.84,2105387915,48501.21,1891.34,3.899572815,1
26,2021-03-03,0,0,0,0,0,0,0,0,0,0,0,0,0,0,0,0,52625.39,48176.64,48501.21,51572.27,2615513553,50392.55,-2028.81,-4.026011782,-1
27,2021-03-04,0,0,0,0,0,0,0,0,0,0,0,0,0,0,0,0,51792.65,47516.91,50392.55,61387.71,3024053726,48363.74,411.63,0.8511128378,1
28,2021-03-05,0,0,0,0,0,0,0,0,0,0,0,0,0,0,0,0,49467.19,46311.43,48363.74,60955.82,2907395735,48775.37,117.43,0.240756759,1
29,2021-03-06,0,0,0,0,0,0,0,0,0,0,0,0,0,0,0,0,49185.32,47099.07,48775.37,25116.42,1214194644,48892.8,2071.38,4.23657471,1
30,2021-03-07,0,0,0,0,0,0,0,0,0,0,0,0,0,0,0,0,51455.54,48892.8,48892.8,32958.26,1658558075,50964.18,1440.84,2.827162136,1
31,2021-03-08,0,0,0,0,0,0,0,0,0,0,0,0,0,0,0,0,52408.08,49341.09,50964.18,48084.28,2445827950,52405.02,2523.68,4.815721853,1
32,2021-03-09,0,0,0,0,0,0,0,0,0,0,0,0,0,0,0,0,54933.93,51888.98,52405.02,53740.22,2898199576,54928.7,964.61,1.756112925,1
33,2021-03-10,0,0,0,0,0,0,0,0,0,0,0,0,0,0,0,0,57396.59,53054.34,54928.7,70138.56,3898251701,55893.31,1916.1,3.428138359,1
34,2021-03-11,20319,0.1613636364,0.9045454545,4.182271779,0.6572,0.193,0.051,4.755,1332.992,612.714,18361.28,4541.9208,16671.46946,393.6227273,1910.009091,861,58142.77,54314.65,55893.31,59202.98,3340389094,57809.41,-553.19,-0.9569203353,-1
35,2021-03-12,520943,10.28748918,24.10755421,74.90297705,10.1634,6.284,2.617,80.101,39573.826,25913.231,455473.961,13366.0665,428538.6302,54366.68323,132522.4222,69214,58069.58,55089.68,57809.41,54282.31,3079097934,57256.22,3923.57,6.852652865,1
36,2021-03-13,0,0,0,0,0,0,0,0,0,0,0,0,0,0,0,0,61749.15,56103.32,57256.22,57862.75,3439594035,61179.79,-2180.9,-3.564739271,-1
37,2021-03-14,0,0,0,0,0,0,0,0,0,0,0,0,0,0,0,0,61674.66,58980.95,61179.79,34886.85,2105197604,58998.89,-3333.88,-5.650750379,-1
38,2021-03-15,0,0,0,0,0,0,0,0,0,0,0,0,0,0,0,0,60589.17,54857.68,58998.89,75161.15,4297382089,55665.01,1260,2.263540418,1
39,2021-03-16,0,0,0,0,0,0,0,0,0,0,0,0,0,0,0,0,56936.04,53269.13,55665.01,62540.93,3441195999,56925.01,1983.99,3.48526948,1
40,2021-03-17,0,0,0,0,0,0,0,0,0,0,0,0,0,0,0,0,58975.28,54156.11,56925.01,62035.71,3493543493,58909,-1265.68,-2.14853418,-1
41,2021-03-18,0,0,0,0,0,0,0,0,0,0,0,0,0,0,0,0,60077.79,57022.2,58909,54289.71,3178687259,57643.32,416.89,0.7232234368,1
42,2021-03-19,0,0,0,0,0,0,0,0,0,0,0,0,0,0,0,0,59453.32,56283.37,57643.32,41182.41,2397999967,58060.21,41.13,0.07084025359,1
43,2021-03-20,0,0,0,0,0,0,0,0,0,0,0,0,0,0,0,0,59911.7,57837.79,58060.21,28696.46,1687922805,58101.34,-726.39,-1.250212129,-1
44,2021-03-21,0,0,0,0,0,0,0,0,0,0,0,0,0,0,0,0,58621.34,55635.61,58101.34,34236.52,1958214099,57374.95,-3279.59,-5.716065983,-1
45,2021-03-22,0,0,0,0,0,0,0,0,0,0,0,0,0,0,0,0,58431.44,53795.78,57374.95,51098.9,2865346861,54095.36,260.09,0.4807990926,1
46,2021-03-23,0,0,0,0,0,0,0,0,0,0,0,0,0,0,0,0,55836.27,52984.36,54095.36,44780.24,2444787015,54355.45,-2052.43,-3.775941511,-1
47,2021-03-24,0,0,0,0,0,0,0,0,0,0,0,0,0,0,0,0,57202.53,51685.15,54355.45,62596.16,3420695084,52303.02,-966.93,-1.84870778,-1
48,2021-03-25,0,0,0,0,0,0,0,0,0,0,0,0,0,0,0,0,53199.52,50406.31,52303.02,69776.36,3617760373,51336.09,3719.34,7.245078462,1
49,2021-03-26,0,0,0,0,0,0,0,0,0,0,0,0,0,0,0,0,55083.9,51275.54,51336.09,46165.63,2461374478,55055.43,808.3,1.468156729,1
50,2021-03-27,0,0,0,0,0,0,0,0,0,0,0,0,0,0,0,0,56606.78,53991,55055.43,27392.29,1514783182,55863.73,-82.72,-0.1480746094,-1
51,2021-03-28,0,0,0,0,0,0,0,0,0,0,0,0,0,0,0,0,56561.55,54717.97,55863.73,24145.77,1345583217,55781.01,1845.09,3.307738601,1
52,2021-03-29,0,0,0,0,0,0,0,0,0,0,0,0,0,0,0,0,58413.9,54910.57,55781.01,51547.9,2950020310,57626.1,1155.44,2.005063678,1
53,2021-03-30,0,0,0,0,0,0,0,0,0,0,0,0,0,0,0,0,59402.27,57055.21,57626.1,35315.45,2064647136,58781.54,12.26,0.02085688806,1
54,2021-03-31,0,0,0,0,0,0,0,0,0,0,0,0,0,0,0,0,59818.5,56918.81,58781.54,46494.48,2727194336,58793.8,-62.98,-0.1071201385,-1
55,2021-04-01,0,0,0,0,0,0,0,0,0,0,0,0,0,0,0,0,59469.45,57949.11,58793.8,28027.66,1648724834,58730.82,256.98,0.4375556139,1
56,2021-04-02,0,0,0,0,0,0,0,0,0,0,0,0,0,0,0,0,60061.51,58458.46,58730.82,29748.03,1765524921,58987.8,-1912.83,-3.242755282,-1
57,2021-04-03,0,0,0,0,0,0,0,0,0,0,0,0,0,0,0,0,59770.87,56958.04,58987.8,25104.9,1470430520,57074.97,1144.46,2.005187213,1
58,2021-04-04,0,0,0,0,0,0,0,0,0,0,0,0,0,0,0,0,58493.73,56493.38,57074.97,19002.99,1093079652,58219.43,900.13,1.546098957,1
59,2021-04-05,156683,4.070292208,16.57934704,46.56981206,9.841,4.718,1.133,48.149,10877.021,1301.624,144504.355,29002.6444,129728.8081,14471.077,29751.32711,5537,59235.68,56833.44,58219.43,24696.26,1439529332,59119.56,-1109.21,-1.876214911,-1
60,2021-04-06,236505,10.77133838,24.84133478,80.62239808,18.4918,8.278,2.167,82.556,32909.201,5223.778,198373.874,84888.195,206107.1808,43473.84549,74242.08132,20673,59464.31,57369.44,59119.56,26304.15,1535666142,58010.35,-2058.37,-3.548280609,-1
61,2021-04-07,480099,5.166248196,27.63224747,91.28342792,5.8069,4.901,2.525,98.573,21726.136,1387.93,456979.365,63885.4096,407731.7744,39397.26502,179991.1791,4750,58628.19,55467.58,58010.35,50347.59,2855410825,55951.98,2132.48,3.811268162,1
62,2021-04-08,195375,9.695555556,25.40085137,76.65115017,11.9989,5.992,1.371,82.637,14609.729,3073.717,177691.554,25056.9034,165873.0396,21865.62247,58908.27969,-22775,58150.23,55711.07,55951.98,25461.84,1458096434,58084.46,22.39,0.03854731541,1
63,2021-04-09,441243,2.652459115,13.21741823,58.87027404,7.033,5.065,2.312,60.621,7988.002,1225.284,432022.492,18914.5705,396195.1477,3052.137097,16768.92912,639,58881.94,57694.22,58084.46,21314.29,1241735092,58106.85,1677.95,2.887697406,1
64,2021-04-10,441243,9.697940115,29.02357864,94.68545416,17.0906,8.257,2.442,101.301,45900.45,8642.882,386699.668,103921.376,369052.4812,54313.07276,137705.0019,70802,61193.5,57885.43,58106.85,38726.18,2322058695,59784.8,195.65,0.3272570954,1
65,2021-04-11,103521,2.14,9.36,36.45610762,5.4544,2.444,0.628,38.928,2719.376,591.439,100210.185,6256.5774,88488.06736,-4243.03,15786.13,1090,60673.37,59218.25,59784.8,20365.62,1218894531,59980.45,-134.69,-0.2245565013,-1
66,2021-04-12,116956,0.9784036797,14.29258297,39.00187701,2.8908,2.455,1.59,41.956,4695.24,4050.917,108210.802,2834.3081,93343.0736,-1900.067165,29292.21839,4828,61233.29,59421.37,59980.45,31804.9,1913098389,59845.76,3712.72,6.203814606,1
67,2021-04-13,0,0,0,0,0,0,0,0,0,0,0,0,0,0,0,0,63682.32,59811.31,59845.76,52964.84,3299086697,63558.48,-594.21,-0.9349027856,-1
68,2021-04-14,0,0,0,0,0,0,0,0,0,0,0,0,0,0,0,0,64859.81,61312.98,63558.48,64272.96,4066819696,62964.27,268.76,0.4268452568,1
69,2021-04-15,0,0,0,0,0,0,0,0,0,0,0,0,0,0,0,0,63826.89,62038.33,62964.27,34089.46,2146219571,63233.03,-1816.62,-2.872897282,-1
70,2021-04-16,0,0,0,0,0,0,0,0,0,0,0,0,0,0,0,0,63567.11,60048.13,63233.03,57540.3,3544777401,61416.41,-1360.34,-2.214945484,-1
71,2021-04-17,28756,0.2595151515,2.645939394,8.824464381,1.2316,0.756,0.556,8.688,3053.148,139.915,25562.688,12856.6492,26201.26639,159.3555152,1357.069939,0,62541.21,59712.92,61416.41,34261.66,2093039586,60056.07,-3809.25,-6.342822632,-1
72,2021-04-18,527201,14.89837125,48.09673371,140.560366,23.7705,11.505,5.508,142.986,38969.188,11801.817,476337.556,124311.2433,473226.4808,27362.21485,129003.5925,6393,60393.33,52785.1,60056.07,112545.94,6264051812,56246.82,-566.71,-1.007541404,-1
73,2021-04-19,586182,6.288510582,36.43773761,105.6460889,13.9409,7.763,4.697,110.538,30563.637,22548.807,533069.179,30164.7986,510161.7476,39463.82729,215714.6255,-88936,57590.64,54291.08,56246.82,48650.49,2732647682,55680.11,815.95,1.465424547,1
74,2021-04-20,614518,11.21764574,39.72666162,113.8793021,16.9898,7.265,3.018,122.718,38416.258,7726.989,568375.104,133045.2577,495276.6679,102328.8464,229899.3112,138476,57101.05,53429.73,55680.11,55866.75,3091319806,56496.06,-2692.81,-4.766367779,-1
75,2021-04-21,717633,13.26074483,47.20159103,131.845313,22.5808,9.971,4.014,139.014,60053.147,24548.401,632974.169,143356.8558,622362.2075,22583.48847,203267.5698,10567,56801.94,53640.81,56496.06,41813.35,2312255459,53803.25,-2085.64,-3.876420105,-1
76,2021-04-22,557945,13.73639866,59.11145391,151.9413344,9.5165,9.076,7.167,160.758,28992.285,14045.614,514907.597,56011.0797,493182.971,50443.38237,223251.0116,-14381,55458.61,50519.78,53803.25,84222.11,4488994738,51717.61,-539.58,-1.043319674,-1
77,2021-04-23,938090,12.74158537,54.828004,169.7565152,16.4352,11.991,6.838,178.174,39978.428,17193.742,880926.032,64490.8053,807541.9581,56285.89121,209961.1951,-239550,52112.75,47495.24,51717.61,105510.21,5241192198,51178.03,-1062.04,-2.075187341,-1
78,2021-04-24,637308,11.51442448,35.12345791,104.646367,18.6098,8.249,3.726,108.028,62440.445,17615.844,557174.056,182989.0718,544060.5875,5672.880586,215949.8631,59145,51223.86,48769.48,51178.03,33894.94,1695108976,50115.99,-995.02,-1.98543419,-1
79,2021-04-25,0,0,0,0,0,0,0,0,0,0,0,0,0,0,0,0,50576.4,47073.07,50115.99,44241.37,2176241676,49120.97,4941.32,10.0594919,1
80,2021-04-26,0,0,0,0,0,0,0,0,0,0,0,0,0,0,0,0,54389.71,48843.41,49120.97,61603.5,3254396665,54062.29,1011.19,1.870416514,1
81,2021-04-27,0,0,0,0,0,0,0,0,0,0,0,0,0,0,0,0,55490.94,53357.59,54062.29,40602.56,2220077233,55073.48,-195.54,-0.355052922,-1
82,2021-04-28,0,0,0,0,0,0,0,0,0,0,0,0,0,0,0,0,56461.55,53886.63,55073.48,42647.15,2339383717,54877.94,-1296.36,-2.362260683,-1
83,2021-04-29,0,0,0,0,0,0,0,0,0,0,0,0,0,0,0,0,55217.24,52399.42,54877.94,43948.76,2359198138,53581.58,4176.39,7.794451003,1
84,2021-04-30,0,0,0,0,0,0,0,0,0,0,0,0,0,0,0,0,57984.34,53089.93,53581.58,48771,2719315702,57757.97,85.19,0.147494796,1
85,2021-05-01,0,0,0,0,0,0,0,0,0,0,0,0,0,0,0,0,58498.65,57057.4,57757.97,26146.3,1511783660,57843.16,-1219.65,-2.108546629,-1
86,2021-05-02,0,0,0,0,0,0,0,0,0,0,0,0,0,0,0,0,57934.82,56092.72,57843.16,21671.56,1230710822,56623.51,571.56,1.009404044,1
87,2021-05-03,0,0,0,0,0,0,0,0,0,0,0,0,0,0,0,0,58963.84,56531.6,56623.51,41015.04,2371465902,57195.07,-3951,-6.907938044,-1
88,2021-05-04,0,0,0,0,0,0,0,0,0,0,0,0,0,0,0,0,57226.81,53108.04,57195.07,64556.47,3556756117,53244.07,4262.81,8.006168574,1
89,2021-05-05,0,0,0,0,0,0,0,0,0,0,0,0,0,0,0,0,57944.11,52978.89,53244.07,56998.25,3200062631,57506.88,-1064.94,-1.851847988,-1
90,2021-05-06,0,0,0,0,0,0,0,0,0,0,0,0,0,0,0,0,58392.76,55299.4,57506.88,50632.92,2878647496,56441.94,932.39,1.651945344,1
91,2021-05-07,0,0,0,0,0,0,0,0,0,0,0,0,0,0,0,0,58695.29,55311.16,56441.94,42812.69,2439662460,57374.33,1568.8,2.734323869,1
92,2021-05-08,0,0,0,0,0,0,0,0,0,0,0,0,0,0,0,0,59521.69,56985.44,57374.33,37728.82,2211507566,58943.13,-648.95,-1.100976484,-1
93,2021-05-09,0,0,0,0,0,0,0,0,0,0,0,0,0,0,0,0,59276.99,56350.98,58943.13,45716.87,2645394205,58294.18,-2424.17,-4.158511193,-1
94,2021-05-10,0,0,0,0,0,0,0,0,0,0,0,0,0,0,0,0,59587.03,54239.16,58294.18,71168.05,4067497161,55870.01,877.51,1.570627963,1
95,2021-05-11,0,0,0,0,0,0,0,0,0,0,0,0,0,0,0,0,56928.37,54490.38,55870.01,42949.94,2395231325,56747.52,-7243.44,-12.76432873,-1
96,2021-05-12,0,0,0,0,0,0,0,0,0,0,0,0,0,0,0,0,58005.44,49182.89,56747.52,74345.74,4035173481,49504.08,196.52,0.3969773805,1
97,2021-05-13,0,0,0,0,0,0,0,0,0,0,0,0,0,0,0,0,51377.99,47029.73,49504.08,119769.29,5919941740,49700.6,187.36,0.3769773403,1
98,2021-05-14,0,0,0,0,0,0,0,0,0,0,0,0,0,0,0,0,51554.66,48910.06,49700.6,42891.66,2156016500,49887.96,-3112.67,-6.239321071,-1
99,2021-05-15,0,0,0,0,0,0,0,0,0,0,0,0,0,0,0,0,50710.05,46606.18,49887.96,53332.47,2591003798,46775.29,-284.58,-0.6083981521,-1
100,2021-05-16,0,0,0,0,0,0,0,0,0,0,0,0,0,0,0,0,49808.83,43918.69,46775.29,79337.9,3693969205,46490.71,-2938.57,-6.320768171,-1
101,2021-05-17,0,0,0,0,0,0,0,0,0,0,0,0,0,0,0,0,46665.19,42130.83,46490.71,134127.17,5896147491,43552.14,-666.12,-1.529477082,-1
102,2021-05-18,0,0,0,0,0,0,0,0,0,0,0,0,0,0,0,0,45819.36,42309.39,43552.14,71930.7,3159184423,42886.02,-6114.15,-14.25674381,-1
103,2021-05-19,0,0,0,0,0,0,0,0,0,0,0,0,0,0,0,0,43564.34,29925.2,42886.02,290986.06,11120220855,36771.87,3825.53,10.40341435,1
104,2021-05-20,0,0,0,0,0,0,0,0,0,0,0,0,0,0,0,0,42520.03,35009.25,36771.87,139648.53,5531454913,40597.4,-3247.01,-7.998073768,-1
105,2021-05-21,0,0,0,0,0,0,0,0,0,0,0,0,0,0,0,0,42252.07,33552.8,40597.4,120589.87,4573692789,37350.39,141.11,0.3778006066,1
106,2021-05-22,0,0,0,0,0,0,0,0,0,0,0,0,0,0,0,0,38841.92,35287.71,37350.39,74964.98,2808008188,37491.5,-2774.66,-7.400770841,-1
107,2021-05-23,0,0,0,0,0,0,0,0,0,0,0,0,0,0,0,0,38304.55,31157.18,37491.5,131584.71,4494413873,34716.84,4120.92,11.87008956,1
108,2021-05-24,0,0,0,0,0,0,0,0,0,0,0,0,0,0,0,0,39945.35,34467.32,34716.84,106765.14,3981461441,38837.76,-450.4,-1.159696131,-1
109,2021-05-25,535755,8.80238474,27.85319517,78.75403094,10.9116,6.683,4.001,81.315,24978.182,24997.779,485780.314,23714.293,455980.9897,26789.68732,167757.3578,140405,39842.9,36509.09,38837.76,66530.67,2529569056,38387.36,907.72,2.364632525,1
110,2021-05-26,735636,23.57391727,59.32745719,153.7874141,26.631,12.211,3.878,161.911,33848.803,19812.696,681964.024,29011.8194,590085.6224,42406.52431,278852.3744,-84797,40854.81,37855.81,38387.36,66483.59,2607759779,39295.08,-756.24,-1.924515741,-1
111,2021-05-27,1053714,17.7076075,38.48269012,120.6025509,23.8265,10.611,3.287,126.102,140436.316,56233.569,857368.296,392506.3392,894598.299,284753.7147,592255.4888,282796,40408.95,37211.84,39295.08,46474.62,1804036815,38538.84,-2857.92,-7.415687654,-1
112,2021-05-28,796415,14.86386833,56.30206349,147.9599576,18.717,11.524,6.043,153.431,37380.735,19126.985,739878.809,80827.3411,697721.6922,30788.80525,261320.8507,25329,38879.6,34733.76,38538.84,85345.66,3104364368,35680.92,-1069.34,-2.996951872,-1
113,2021-05-29,410718,11.05509943,39.58824778,108.8045163,14.3389,9.274,5.044,109.68,19079.898,8048.176,383578.182,35943.9676,366931.5033,13621.75353,133354.9522,-14123,37307.1,33666.06,35680.92,60616.25,2127790129,34611.58,1051.01,3.036584866,1
114,2021-05-30,0,0,0,0,0,0,0,0,0,0,0,0,0,0,0,0,36481.62,33400.65,34611.58,37522.16,1325408340,35662.59,1628.24,4.565680732,1
115,2021-05-31,0,0,0,0,0,0,0,0,0,0,0,0,0,0,0,0,37512.8,34202.86,35662.59,50306.62,1821662524,37290.83,-607.32,-1.628604137,-1
116,2021-06-01,0,0,0,0,0,0,0,0,0,0,0,0,0,0,0,0,37910.19,35733.52,37290.83,44444.78,1626268789,36683.51,893.47,2.43561753,1
117,2021-06-02,0,0,0,0,0,0,0,0,0,0,0,0,0,0,0,0,38225.18,35935.34,36683.51,39948.44,1494571249,37576.98,1652.68,4.39811821,1
118,2021-06-03,0,0,0,0,0,0,0,0,0,0,0,0,0,0,0,0,39482.46,37199.92,37576.98,41098.93,1586641442,39229.66,-2368.16,-6.036656958,-1
119,2021-06-04,0,0,0,0,0,0,0,0,0,0,0,0,0,0,0,0,39273.49,35617.03,39229.66,49661.48,1837944242,36861.5,-1323.1,-3.589381875,-1
120,2021-06-05,0,0,0,0,0,0,0,0,0,0,0,0,0,0,0,0,37911.76,34846.16,36861.5,39864.17,1444088533,35538.4,260.17,0.7320813543,1
121,2021-06-06,0,0,0,0,0,0,0,0,0,0,0,0,0,0,0,0,36453.81,35264.34,35538.4,27469.69,986275148.3,35798.57,-2215.71,-6.189381308,-1
122,2021-06-07,0,0,0,0,0,0,0,0,0,0,0,0,0,0,0,0,36790.39,33367.12,35798.57,52209.55,1850311021,33582.86,-173.48,-0.5165730376,-1
123,2021-06-08,0,0,0,0,0,0,0,0,0,0,0,0,0,0,0,0,34061.09,31034.35,33582.86,88483.79,2890313262,33409.38,3982.2,11.91940706,1
124,2021-06-09,0,0,0,0,0,0,0,0,0,0,0,0,0,0,0,0,37528.42,32435.18,33409.38,92280.57,3249553573,37391.58,-710.8,-1.90096273,-1
125,2021-06-10,0,0,0,0,0,0,0,0,0,0,0,0,0,0,0,0,38387.2,35821.05,37391.58,63052.49,2338112084,36680.78,659.2,1.797126452,1
126,2021-06-11,0,0,0,0,0,0,0,0,0,0,0,0,0,0,0,0,37665.85,35981.84,36680.78,43119.67,1596038877,37339.98,-1798.2,-4.815749767,-1
127,2021-06-12,0,0,0,0,0,0,0,0,0,0,0,0,0,0,0,0,37445.32,34655.21,37339.98,40619.14,1450138290,35541.78,3475.59,9.778885582,1
128,2021-06-13,0,0,0,0,0,0,0,0,0,0,0,0,0,0,0,0,39374.68,34802.24,35541.78,46353.98,1727291769,39017.37,1509.26,3.86817461,1
129,2021-06-14,0,0,0,0,0,0,0,0,0,0,0,0,0,0,0,0,41025.42,38755.79,39017.37,68729.09,2740589574,40526.63,-364.77,-0.9000748397,-1
130,2021-06-15,0,0,0,0,0,0,0,0,0,0,0,0,0,0,0,0,41307.06,39526.69,40526.63,48248.1,1943860792,40161.86,-1816.45,-4.522823395,-1
131,2021-06-16,0,0,0,0,0,0,0,0,0,0,0,0,0,0,0,0,40487.98,38122.04,40161.86,48107.62,1883613058,38345.41,-263.11,-0.6861577435,-1
132,2021-06-17,0,0,0,0,0,0,0,0,0,0,0,0,0,0,0,0,39537.42,37386.57,38345.41,41591.09,1599770631,38082.3,-2252.01,-5.913534634,-1
133,2021-06-18,0,0,0,0,0,0,0,0,0,0,0,0,0,0,0,0,38201.23,35158.89,38082.3,60242.99,2207651944,35830.29,-314.91,-0.8788932493,-1
134,2021-06-19,0,0,0,0,0,0,0,0,0,0,0,0,0,0,0,0,36443.26,34863.17,35830.29,44782.25,1601193146,35515.38,86.88,0.2446264126,1
135,2021-06-20,2607395,27.85500876,86.08875137,239.0178052,42.9036,26.514,12.914,239.573,257443.548,146260.752,2203698.35,608604.6257,2312139.104,198713.0226,626927.5352,129273,36139.95,33377.82,35515.38,56525.29,1964614466,35602.26,-3949.64,-11.09379011,-1
136,2021-06-21,9781788,102.111884,349.7736241,958.4788552,115.0331,89.755,54.697,974.558,860286.076,373026.86,8548055.494,1831816.8,8503573.198,829054.9628,2636952.123,-963407,35760.61,31284.7,35602.26,111039.05,3650731161,31652.62,884.96,2.795850707,1
137,2021-06-22,17584467,127.9461855,443.0442156,1143.498952,182.7686,122.119,64.451,1161.439,1519170.818,557357.445,15507938.86,3330918.894,14870961.94,1690110.699,5167402.609,-2019804,33312.87,28908.07,31652.62,129940.61,4060734244,32537.58,1141.06,3.506898792,1
138,2021-06-23,8849712,82.38648795,253.8972598,670.1391518,146.5818,76.438,31.815,676.749,673125.36,218645.667,7958215.607,1624362.373,7806094.241,511299.2146,1846590.795,110234,34831.93,31790.02,32537.58,60338.69,2037061709,33678.64,971.2,2.883726896,1
139,2021-06-24,0,0,0,0,0,0,0,0,0,0,0,0,0,0,0,0,35267.23,32340.83,33678.64,38755.56,1311147481,34649.84,-3055.98,-8.819607825,-1
140,2021-06-25,0,0,0,0,0,0,0,0,0,0,0,0,0,0,0,0,35494.5,31290.25,34649.84,91636.1,3027434524,31593.86,713.49,2.258318547,1
141,2021-06-26,0,0,0,0,0,0,0,0,0,0,0,0,0,0,0,0,32680.58,30190.9,31593.86,58331.1,1826363014,32307.35,2406.46,7.448645587,1
142,2021-06-27,0,0,0,0,0,0,0,0,0,0,0,0,0,0,0,0,34754.5,32031.15,32307.35,60403.96,2002954689,34713.81,-226.7,-0.6530542168,-1
143,2021-06-28,0,0,0,0,0,0,0,0,0,0,0,0,0,0,0,0,35292.57,33890.86,34713.81,41259.21,1424168416,34487.11,1414.3,4.100952501,1
144,2021-06-29,0,0,0,0,0,0,0,0,0,0,0,0,0,0,0,0,36624.75,34243.82,34487.11,44215.51,1578253520,35901.41,-845.02,-2.353723712,-1
145,2021-06-30,0,0,0,0,0,0,0,0,0,0,0,0,0,0,0,0,36090.37,34062.04,35901.41,39796.96,1388243727,35056.39,-1513.28,-4.316702319,-1
146,2021-07-01,0,0,0,0,0,0,0,0,0,0,0,0,0,0,0,0,35065.41,32757.33,35056.39,36889.93,1238732543,33543.11,261.43,0.7793850958,1
147,2021-07-02,8181910,60.51727328,163.129697,428.6838793,88.2583,47.655,19.696,433.649,493770.304,282869.974,7405133.406,551700.9763,7103476.994,1090560.033,2565667.117,-439065,33968.47,32715.18,33543.11,33082.4,1102040372,33804.54,878.3,2.598171725,1
148,2021-07-03,6188400,90.07900443,229.7838447,570.3480512,132.539,65.984,29.518,573.5,549185.388,116483.374,5522739.03,1634244.098,5374849.36,279760.959,1082998.119,-397428,34944.91,33333.05,33804.54,17319.23,595117204.8,34682.84,605.13,1.744753313,1
149,2021-07-04,9944391,94.44649911,217.9300675,575.2506671,147.0364,69.694,24.307,579.991,1285305.871,295876.058,8363051.788,3423972.714,8458435.094,1676678.661,3005483.08,-28729,35945.36,34390.95,34682.84,15950.93,563891553.2,35287.97,-1585.18,-4.492125787,-1
150,2021-07-05,8818455,84.72181119,234.4979469,647.0787671,145.0996,72.187,29.052,652.762,886706.267,247387.636,7684518.154,2459106.52,7693475.944,695089.8826,1517153.803,427894,35290.8,33151.51,35287.97,31526.39,1072690410,33702.79,534.87,1.587019947,1
151,2021-07-06,0,0,0,0,0,0,0,0,0,0,0,0,0,0,0,0,35096.65,33558.75,33702.79,32844.8,1123145330,34237.66,-356.87,-1.042331748,-1
152,2021-07-07,0,0,0,0,0,0,0,0,0,0,0,0,0,0,0,0,35066.82,33807.42,34237.66,21784.2,752074468.7,33880.79,-1006.78,-2.971536378,-1
153,2021-07-08,0,0,0,0,0,0,0,0,0,0,0,0,0,0,0,0,33934.31,32108.68,33880.79,47884.76,1573967671,32874.01,930.19,2.829560495,1
154,2021-07-09,0,0,0,0,0,0,0,0,0,0,0,0,0,0,0,0,34076.49,32274.31,32874.01,25677.95,853165387.1,33804.2,-289.07,-0.8551304276,-1
155,2021-07-10,0,0,0,0,0,0,0,0,0,0,0,0,0,0,0,0,34253.5,33030.16,33804.2,19345.51,651899497,33515.13,734.17,2.190562889,1
156,2021-07-11,0,0,0,0,0,0,0,0,0,0,0,0,0,0,0,0,34595.69,33335.4,33515.13,15724.2,533337900,34249.3,-1160.79,-3.389237152,-1
157,2021-07-12,0,0,0,0,0,0,0,0,0,0,0,0,0,0,0,0,34658.46,32660.38,34249.3,31074.01,1039311244,33088.51,-351.04,-1.060912081,-1
158,2021-07-13,0,0,0,0,0,0,0,0,0,0,0,0,0,0,0,0,33335.54,32206.14,33088.51,25562.97,837278173.9,32737.47,83.03,0.2536237528,1
159,2021-07-14,0,0,0,0,0,0,0,0,0,0,0,0,0,0,0,0,33099.2,31601.99,32737.47,27262.01,883070516.7,32820.5,-953.04,-2.903794884,-1
160,2021-07-15,0,0,0,0,0,0,0,0,0,0,0,0,0,0,0,0,33188.54,31133.75,32820.5,33647.48,1073939853,31867.46,-465.7,-1.461365292,-1
161,2021-07-16,2995619,2.097071738,12.26453953,23.85520774,6.6717,2.429,0.915,25.655,157330.351,4378.752,2833900.918,619253.2064,2780021.538,670486.7632,1298140.003,15305,32256.94,31046.14,31867.46,25602.04,812765644.4,31401.76,144.88,0.4613754134,1
162,2021-07-17,6420671,44.97568678,134.1104774,345.6874982,69.2314,37,18.429,352.575,373364.751,141926.201,5904942.749,1337199.06,5482822.409,843569.5649,2457236.189,-100518,31966.25,31194.16,31401.76,27922.98,881285396.9,31546.64,259.66,0.8230987516,1
163,2021-07-18,7960613,67.72110019,215.9939282,545.4575104,99.7371,60.759,31.63,549.589,574298.035,185822.723,7199914.734,1113504.714,6142044.831,452747.6049,4142018.261,432166,32446.17,31131.67,31546.64,25079.04,796652696.5,31806.3,-958.75,-3.014339926,-1
164,2021-07-19,8230573,85.98372001,271.3666219,695.8503949,111.7699,71.034,38.22,706.732,584521.547,270745.447,7375240.917,1429043.841,7065871.898,1037633.499,3686184.934,-413927,31907.17,30487.11,31806.3,38060.99,1179342119,30847.55,-1052,-3.410319458,-1
165,2021-07-20,13903572,105.2833337,315.2049234,819.8579018,132.024,79.483,42.023,842.494,1129143.48,528104.543,12245904.16,1749255.943,11962886.94,2347670.624,5763323.107,-3224855,31063.88,29320.09,30847.55,43333.42,1291958152,29795.55,2343.93,7.86671164,1
166,2021-07-21,29719399,110.5491475,350.7872871,905.012731,179.1113,94.671,37.449,931.886,2372173.544,1535730.981,25811603.53,2529436.635,23922853.08,3048813.125,10673737.27,-253651,32814.13,29513.88,29795.55,48925.57,1538668590,32139.48,159.99,0.4977989687,1
167,2021-07-22,12912473,100.87552,274.6329922,703.1243473,178.3231,78.874,25.047,725.071,1222069.812,408268.241,11282173.97,2945135.221,10574908.36,859757.5774,3461049.544,2300582,32604.4,31738.48,32139.48,24409.69,785311959.3,32299.47,1338.45,4.143876045,1
168,2021-07-23,10392745,195.0913732,438.771756,1081.366635,323.2852,142.288,36.835,1084.872,1406651.733,231290.478,8754791.8,3820232.402,8814944.351,1482079.315,3184223.272,2351928,33637.93,32012.62,32299.47,23478.17,765209760.4,33637.92,644.64,1.916408625,1
169,2021-07-24,7450214,95.84206268,267.3200497,699.5620515,192.1077,84.107,27.098,717.796,536983.808,227736.088,6685484.401,1252485.932,6258668.101,437956.4773,2324909.926,330397,34519.75,33429.09,33637.92,20217.05,686017155.8,34282.56,1087.37,3.171787638,1
170,2021-07-25,2256734,37.15551047,98.40024943,245.7345125,63.9279,27.499,9.665,250.843,271362.524,40013.521,1945363.763,763879.1133,1792757.118,136365.9485,688296.6684,736126,35382.63,33892.36,34282.56,22685.72,781929775.5,35369.93,1899.59,5.370635452,1
171,2021-07-26,8818801,67.44418452,216.693591,552.7250012,108.2811,55.226,23.085,566.7,305026.618,111914.559,8401876.163,522387.5424,6118138.192,2065055.628,4208236.65,5175496,40553.85,35270.24,35369.93,100269.43,3840983132,37269.52,2227.17,5.975848361,1
172,2021-07-27,5030143,58.57274349,157.3241937,353.0299704,96.0968,41.731,13.687,361.575,510781.315,110126.107,4409284.41,1582444.401,4139339.863,628388.9227,2024639.155,1555040,39535.5,36422.45,37269.52,58179.65,2197490233,39496.69,533.32,1.350290366,1
173,2021-07-28,4740717,41.16512897,130.8039711,335.2004557,83.1617,36.234,11.954,344.809,224018.556,51058.661,4465626.919,633791.9122,4188766.14,27161.99947,2319357.333,34082,40906.09,38809.89,39496.69,66747.14,2662886396,40030.01,0.51,0.001274044148,1
174,2021-07-29,3901924,39.47184741,122.1699269,314.7863566,77.2393,33.169,9.908,322.921,225267.227,51404.478,3625181.181,707414.5841,3394031.045,144648.5649,1656280.741,554602,40633.62,39281.83,40030.01,31540.85,1257968295,40030.52,2201.31,5.499079203,1
175,2021-07-30,17730516,95.98899848,323.8035931,838.7624494,212.5413,93.291,30.555,863.152,1542816.089,216061.885,15971628.41,4857362.139,15202796.01,1748352.641,5507869.152,2070142,42301.76,38346.18,40030.52,42436.67,1698014610,42231.83,-757.11,-1.792747319,-1
176,2021-07-31,0,0,0,0,0,0,0,0,0,0,0,0,0,0,0,0,42373.59,41065.61,42231.83,25355.65,1056705604,41474.72,-1603.96,-3.867319659,-1
177,2021-08-01,0,0,0,0,0,0,0,0,0,0,0,0,0,0,0,0,42584.65,39471.54,41474.72,33625.25,1385907258,39870.76,-712.23,-1.786346686,-1
178,2021-08-02,0,0,0,0,0,0,0,0,0,0,0,0,0,0,0,0,40446.6,38698.01,39870.76,33109.34,1308894644,39158.53,-969.23,-2.475143985,-1
179,2021-08-03,0,0,0,0,0,0,0,0,0,0,0,0,0,0,0,0,39779.45,37679.22,39158.53,38225.1,1466921592,38189.3,1549.26,4.056790776,1
180,2021-08-04,537877,7.980411255,23.58276966,55.13775176,11.966,5.008,1.848,56.141,64770.592,16433.818,456669.932,159268.1804,467192.4693,132080.5188,172808.0715,-15619,39961.11,37526.24,38189.3,34035.77,1318983897,39738.56,1149.62,2.892958376,1
181,2021-08-05,2480885,35.69486046,103.6583907,296.108375,65.0584,27.618,10.706,303.678,200651.797,72247.702,2208021.38,469514.1445,2178758.004,314016.8227,593942.8422,394362,41409.14,37330.04,39738.56,59748.14,2357831522,40888.18,1964,4.803344145,1
182,2021-08-06,3320098,59.71781812,151.4627665,393.8188568,99.7763,40.288,13.999,404.719,127451.089,70150.782,3122513.226,229678.8317,2914022.044,53041.87736,1349431.953,-232360,43363.62,39895.05,40888.18,48254.57,2009167764,42852.18,1765.78,4.120630502,1
183,2021-08-07,2321417,29.149062,86.38278413,258.5330196,59.8005,23.919,8.527,265.557,241565.938,47825.821,2031929.403,843577.3095,2028263.623,472798.4765,822189.6514,24565,44731.51,42473.57,42852.18,50446.88,2199730008,44617.96,-790.21,-1.771058112,-1
184,2021-08-08,6948959,101.3097766,275.1791315,776.6957261,187.2881,85.284,27.567,791.148,517141.441,385977.573,6045744.648,737931.4173,5895002.022,756385.2299,2269795.262,288342,45310.33,43300.59,44617.96,39433.62,1745878741,43827.75,2464.86,5.623971114,1
185,2021-08-09,19270310,173.3184678,441.0353626,1142.769295,329.7002,134.169,38.276,1172.563,2016118.957,467093.573,16787397.72,5628708.644,16733510.9,1192626.861,6676461.666,2459456,46476.01,42818.07,43827.75,49016.22,2219734085,46292.61,-691.58,-1.493931753,-1
186,2021-08-10,0,0,0,0,0,0,0,0,0,0,0,0,0,0,0,0,46707.56,44663.2,46292.61,35319.34,1609844199,45601.03,-44.34,-0.0972346458,-1
187,2021-08-11,0,0,0,0,0,0,0,0,0,0,0,0,0,0,0,0,46763.89,45360.51,45601.03,30818.26,1421598812,45556.69,-1131.17,-2.482994265,-1
188,2021-08-12,0,0,0,0,0,0,0,0,0,0,0,0,0,0,0,0,46214.21,43786.4,45556.69,35460.2,1588850342,44425.52,3407.41,7.66993836,1
189,2021-08-13,0,0,0,0,0,0,0,0,0,0,0,0,0,0,0,0,47890.79,44260.38,44425.52,34442.64,1595718853,47832.93,-730.9,-1.528026822,-1
190,2021-08-14,4701015,55.06204792,132.3874705,307.4604717,98.6039,38.849,10.504,310.641,317677.89,140118.93,4243191.963,309300.0253,3989152.592,267321.9837,1612639.948,1401162,48136.25,46049.28,47832.93,23828.49,1120499539,47102.03,-86.09,-0.1827734389,-1
191,2021-08-15,6062149,87.42713176,250.9422008,649.3706116,155.986,71.475,27.075,657.455,505266.994,344887.433,5212008.009,754692.606,5184445.157,631406.2881,1847525.218,-259165,47390.93,45595.22,47102.03,18032.86,836663894.9,47015.94,-1088.54,-2.315257336,-1
192,2021-08-16,13234691,105.5744965,293.0857144,754.7710391,188.5086,82.025,26.851,770.124,1599860.917,135160.449,11499647.75,4700291.384,11034170.96,2254269.651,5746287.52,1420864,48064.42,45681.1,47015.94,28459.99,1332377364,45927.4,-1242.97,-2.706380069,-1
193,2021-08-17,15747119,98.78239235,296.5358923,753.6246907,154.2789,78.237,31.792,770.98,967401.253,722311.857,14057306.85,761966.3643,12943302.2,845134.6369,3964019.816,-2203743,47100.97,44438.79,45927.4,37125.87,1700658063,44684.43,30.11,0.06738365019,1
194,2021-08-18,7556751,98.76396715,306.9354399,797.6815772,197.9811,87.264,27.984,817.769,640156.324,290414.296,6625881.166,1530319.601,6320176.793,682752.2373,2217214.249,1200688,46024.97,44240.9,44684.43,30513.78,1377529230,44714.54,2046.95,4.577817417,1
195,2021-08-19,18277787,110.2538137,316.7093296,823.4126545,211.972,92.395,29.876,832.722,1175951.023,401142.076,16700325.89,2760602.259,15748811.17,2435372.276,6505364.549,1788016,47044.06,43982.21,44714.54,33300.5,1511027965,46761.49,2574.96,5.506582446,1
196,2021-08-20,10089748,144.8451863,348.1892884,882.5190166,247.0479,106.848,30.579,895.572,951645.864,323144.792,8815087.854,2477413.694,8635225.608,993725.3107,3193363.064,581155,49377.5,46652,46761.49,36326.2,1742574002,49336.45,-468.58,-0.9497643223,-1
197,2021-08-21,2616257,37.87876684,101.4578718,254.6255494,58.2179,25.983,8.59,263.427,145140.6,152666.733,2318698.81,151065.9135,2124778.32,169634.6359,687666.4178,109487,49809.82,48330.03,49336.45,22928.52,1125508732,48867.87,421.84,0.8632256736,1
198,2021-08-22,0,0,0,0,0,0,0,0,0,0,0,0,0,0,0,0,49512.19,48119.98,48867.87,16835.81,822323899,49289.71,231.35,0.4693677443,1
199,2021-08-23,2503259,26.88030844,83.27645933,242.3906341,50.1985,23.352,9.302,253.344,105028.262,89487.735,2308714.493,174442.3996,2054089.727,31968.05692,463076.9044,453452,50513.83,49048.25,49289.71,30374.33,1515250475,49521.06,-1830.52,-3.696447532,-1
200,2021-08-24,8278232,87.65341428,242.3227252,627.4083161,124.7003,60.29,22.727,654.972,476051.114,188513.019,7613677.884,1178910.951,7082748.581,680248.3472,2239126.798,352532,49859.97,47580.66,49521.06,28718.08,1399185981,47690.54,1305.9,2.738278912,1
201,2021-08-25,11908616,92.10926023,293.8914116,781.9670322,153.3946,80.501,33.716,805.786,1095733.301,404961.152,10408045.43,2093420.806,9529341.338,1298178.315,4992786.899,570128,49257.74,47135.07,47690.54,25061.09,1208134773,48996.44,-2144.22,-4.376277134,-1
202,2021-08-26,12802660,107.0921666,303.5974742,793.8714267,173.0696,81.303,30.735,816.952,580350.154,320492.056,11901759.46,1261092.365,11203916.29,1152300.86,4186580.766,571131,49358.2,46456.68,48996.44,34276.36,1618461768,46852.22,2235.88,4.772196494,1
203,2021-08-27,0,0,0,0,0,0,0,0,0,0,0,0,0,0,0,0,49166.31,46376.81,46852.22,27872.76,1331637985,49088.1,-169.2,-0.3446863904,-1
204,2021-08-28,0,0,0,0,0,0,0,0,0,0,0,0,0,0,0,0,49306.47,48386.9,49088.1,12815.36,626553869.3,48918.9,-124.64,-0.2547890488,-1
205,2021-08-29,0,0,0,0,0,0,0,0,0,0,0,0,0,0,0,0,49653.49,47841.49,48918.9,18983.79,924625515.8,48794.26,-1800.95,-3.690905447,-1
206,2021-08-30,0,0,0,0,0,0,0,0,0,0,0,0,0,0,0,0,48878.11,46872.47,48794.26,29046.26,1392617744,46993.31,165.95,0.3531353718,1
207,2021-08-31,0,0,0,0,0,0,0,0,0,0,0,0,0,0,0,0,48252.74,46713.72,46993.31,29947.56,1418199669,47159.26,1680.75,3.563987221,1
208,2021-09-01,0,0,0,0,0,0,0,0,0,0,0,0,0,0,0,0,49062.05,46544.74,47159.26,31823.8,1520961266,48840.01,440.76,0.9024568177,1
209,2021-09-02,0,0,0,0,0,0,0,0,0,0,0,0,0,0,0,0,50374.89,48632.7,48840.01,32516.15,1615790895,49280.77,738.74,1.499043136,1
210,2021-09-03,0,0,0,0,0,0,0,0,0,0,0,0,0,0,0,0,51056.15,48362.56,49280.77,38496.86,1926045807,50019.51,-84.22,-0.1683743003,-1
211,2021-09-04,0,0,0,0,0,0,0,0,0,0,0,0,0,0,0,0,50549.35,49501.12,50019.51,16795.12,839888927.5,49935.29,1848.87,3.702531817,1
212,2021-09-05,0,0,0,0,0,0,0,0,0,0,0,0,0,0,0,0,51890.18,49499.28,49935.29,21382.07,1084416553,51784.16,909.16,1.755672005,1
213,2021-09-06,0,0,0,0,0,0,0,0,0,0,0,0,0,0,0,0,52766.16,51035.68,51784.16,25623.3,1328373298,52693.32,-5837.01,-11.07732441,-1
214,2021-09-07,0,0,0,0,0,0,0,0,0,0,0,0,0,0,0,0,52919.24,43904.42,52693.32,83874.09,4055873735,46856.31,-782.86,-1.670767502,-1
215,2021-09-08,0,0,0,0,0,0,0,0,0,0,0,0,0,0,0,0,47362.35,44475.76,46856.31,45638.83,2105187289,46073.45,319.4,0.6932409012,1
216,2021-09-09,0,0,0,0,0,0,0,0,0,0,0,0,0,0,0,0,47335.29,45572.3,46073.45,32273.7,1499767100,46392.85,-1539.75,-3.318938155,-1
217,2021-09-10,11360118,82.72511881,240.2085057,583.0003518,128.4998,65.82,24.783,591.398,903883.559,259289.029,10196762.78,2375122.461,9694982.333,641014.223,2952165.752,1899901,47026.67,44198.27,46392.85,35701.24,1631276775,44853.1,313.02,0.6978781846,1
218,2021-09-11,0,0,0,0,0,0,0,0,0,0,0,0,0,0,0,0,45987.63,44741.98,44853.1,14599.26,662298068.9,45166.12,883.6,1.956333641,1
219,2021-09-12,0,0,0,0,0,0,0,0,0,0,0,0,0,0,0,0,46403.5,44765.82,45166.12,16366.41,747181260.1,46049.72,-1091.16,-2.369525808,-1
220,2021-09-13,0,0,0,0,0,0,0,0,0,0,0,0,0,0,0,0,46821.84,43511.3,46049.72,42623.67,1909473370,44958.56,2170.45,4.827667968,1
221,2021-09-14,0,0,0,0,0,0,0,0,0,0,0,0,0,0,0,0,47263.56,44776.37,44958.56,26751.25,1237183545,47129.01,1019.44,2.163083842,1
222,2021-09-15,0,0,0,0,0,0,0,0,0,0,0,0,0,0,0,0,48457.3,46725.15,47129.01,26904.97,1282942629,48148.45,-383.98,-0.7974919234,-1
223,2021-09-16,0,0,0,0,0,0,0,0,0,0,0,0,0,0,0,0,48498.51,47050.55,48148.45,25702.33,1229076141,47764.47,-466.49,-0.9766464487,-1
224,2021-09-17,0,0,0,0,0,0,0,0,0,0,0,0,0,0,0,0,48172.36,46770.31,47764.47,18941.92,899242093.4,47297.98,1014.48,2.144869612,1
225,2021-09-18,0,0,0,0,0,0,0,0,0,0,0,0,0,0,0,0,48808,47066.47,47297.98,15782.18,761079785.1,48312.46,-1060.7,-2.195499877,-1
226,2021-09-19,0,0,0,0,0,0,0,0,0,0,0,0,0,0,0,0,48376.3,46864.5,48312.46,14044.93,668723282.4,47251.76,-4326.3,-9.155849433,-1
227,2021-09-20,0,0,0,0,0,0,0,0,0,0,0,0,0,0,0,0,47340.49,42552.63,47251.76,64374.41,2849781015,42925.46,-2215.87,-5.162134547,-1
228,2021-09-21,0,0,0,0,0,0,0,0,0,0,0,0,0,0,0,0,43625.93,39767.17,42925.46,70924.75,2972565920,40709.59,2866.56,7.041485802,1
229,2021-09-22,0,0,0,0,0,0,0,0,0,0,0,0,0,0,0,0,44012.22,40589.07,40709.59,42391.1,1807576533,43576.15,1317.72,3.023947733,1
230,2021-09-23,0,0,0,0,0,0,0,0,0,0,0,0,0,0,0,0,44994.17,43108.42,43576.15,34506.88,1522818256,44893.87,-2045.46,-4.55621224,-1
231,2021-09-24,0,0,0,0,0,0,0,0,0,0,0,0,0,0,0,0,45143.18,40807.2,44893.87,60130.03,2565373998,42848.41,-126.5,-0.2952268241,-1
232,2021-09-25,0,0,0,0,0,0,0,0,0,0,0,0,0,0,0,0,42992.94,41710.08,42848.41,18046.04,767641977,42721.91,479.88,1.123264386,1
233,2021-09-26,0,0,0,0,0,0,0,0,0,0,0,0,0,0,0,0,43928.49,40825.4,42721.91,27847.04,1187820024,43201.79,-1014.28,-2.34777309,-1
234,2021-09-27,0,0,0,0,0,0,0,0,0,0,0,0,0,0,0,0,44360.41,42139.24,43201.79,26251.27,1140232492,42187.51,-1130.72,-2.68022455,-1
235,2021-09-28,0,0,0,0,0,0,0,0,0,0,0,0,0,0,0,0,42781.24,40924.13,42187.51,31946.42,1335757059,41056.79,482.64,1.175542462,1
236,2021-09-29,0,0,0,0,0,0,0,0,0,0,0,0,0,0,0,0,42603.18,40790.67,41056.79,26354.27,1100252802,41539.43,2289.91,5.512617771,1
237,2021-09-30,0,0,0,0,0,0,0,0,0,0,0,0,0,0,0,0,44106.6,41436.79,41539.43,33984.98,1469981945,43829.34,4335.01,9.890657719,1
238,2021-10-01,0,0,0,0,0,0,0,0,0,0,0,0,0,0,0,0,48470.13,43304.82,43829.34,53577.95,2498575570,48164.35,-495.33,-1.028416246,-1
239,2021-10-02,0,0,0,0,0,0,0,0,0,0,0,0,0,0,0,0,48347.69,47468.49,48164.35,16062.18,769022184.4,47669.02,565.03,1.185319102,1
240,2021-10-03,0,0,0,0,0,0,0,0,0,0,0,0,0,0,0,0,49185.34,47137.07,47669.02,18588.83,895606844.2,48234.05,1042.86,2.162082595,1
241,2021-10-04,0,0,0,0,0,0,0,0,0,0,0,0,0,0,0,0,49501.21,46944.28,48234.05,34394,1664027525,49276.91,2227.36,4.520088618,1
242,2021-10-05,0,0,0,0,0,0,0,0,0,0,0,0,0,0,0,0,51885.03,49087.72,49276.91,40687.89,2049372160,51504.27,3841.58,7.458760215,1
243,2021-10-06,0,0,0,0,0,0,0,0,0,0,0,0,0,0,0,0,55656.67,50439.32,51504.27,64415.98,3444996110,55345.85,-1548.64,-2.798114041,-1
244,2021-10-07,0,0,0,0,0,0,0,0,0,0,0,0,0,0,0,0,55359.77,53391.93,55343.24,33806.76,1836529822,53797.21,152.08,0.2826912399,1
245,2021-10-08,0,0,0,0,0,0,0,0,0,0,0,0,0,0,0,0,56047.91,53666.09,53796.22,29127.91,1592265868,53949.29,1018.75,1.888347372,1
246,2021-10-09,0,0,0,0,0,0,0,0,0,0,0,0,0,0,0,0,55485.2,53696.32,53949.29,14593.95,799607238.6,54968.04,-267.8,-0.4871921939,-1
247,2021-10-10,0,0,0,0,0,0,0,0,0,0,0,0,0,0,0,0,56473.63,54131.52,54968.04,23094.98,1276001426,54700.24,2798.56,5.116174993,1
248,2021-10-11,0,0,0,0,0,0,0,0,0,0,0,0,0,0,0,0,57825.98,54448.68,54700.24,31803.75,1805863527,57498.8,-1487.9,-2.587706178,-1
249,2021-10-12,0,0,0,0,0,0,0,0,0,0,0,0,0,0,0,0,57646.93,54098.22,57498.8,33966.65,1913353762,56010.9,1358.1,2.42470662,1
250,2021-10-13,0,0,0,0,0,0,0,0,0,0,0,0,0,0,0,0,57768.98,54279.61,56010.9,34054.43,1906230334,57369,-9.79,-0.0170649654,-1
251,2021-10-14,0,0,0,0,0,0,0,0,0,0,0,0,0,0,0,0,58514.76,56854.38,57369,28061.61,1617497365,57359.21,4325.75,7.541509027,1
252,2021-10-15,0,0,0,0,0,0,0,0,0,0,0,0,0,0,0,0,62889.98,56885.66,57359.21,62053.36,3737889744,61684.96,-807.19,-1.308568572,-1
253,2021-10-16,0,0,0,0,0,0,0,0,0,0,0,0,0,0,0,0,62341.46,60153.79,61684.96,22943.96,1404879137,60877.77,642.77,1.055836966,1
254,2021-10-17,0,0,0,0,0,0,0,0,0,0,0,0,0,0,0,0,61698.1,59050.3,60877.77,23336.32,1414498882,61520.54,517.62,0.8413775302,1
255,2021-10-18,8698439,75.51488529,197.4372759,546.6950271,144.0891,63.748,17.074,557.184,1081592.322,79723.94,7537194.932,3344039.61,7263607.068,1820305.09,3382936.7,-168554,62662.72,59925.93,61520.54,50489.09,3113486442,62038.16,2245.81,3.620046114,1
256,2021-10-19,27672477,200.5134724,568.4814182,1470.470407,335.3075,165.492,53.022,1511.481,2583844.879,430028.137,24658568.52,6466392.48,21983158.28,3114942.549,11210041.24,5629958,64468.7,61410.11,62038.16,42983.11,2706420467,64283.97,1737.05,2.702151096,1
257,2021-10-20,8362298,106.2497462,295.4412778,743.2425731,213.4616,91.225,22.383,765.388,481470.234,163278.549,7717515.569,1149295.752,7066136.955,614016.516,2838833.988,235403,66980.66,63543.7,64283.97,45364.94,2978059286,66021.02,-3737.06,-5.660409367,-1
258,2021-10-21,14972740,133.8719708,372.6337563,1001.803251,255.9084,115.167,35.156,1017.668,1318769.323,514661.241,13139257.16,2466320.319,12205748.72,699673.0917,4886838.37,448229,66645.73,62076.16,66021.02,62097.42,3962470064,62283.96,-1590.37,-2.553418248,-1
259,2021-10-22,17613256,152.9380087,430.732238,1181.685601,291.5845,133.017,36.73,1202.256,1263780.207,607591.217,15742101.36,1391446.22,15135332.43,1223585.92,6358904.237,1613347,63731.17,60017.23,62283.96,40476.42,2504718475,60693.59,619.5,1.020700868,1
260,2021-10-23,5750511,137.7048863,336.1799361,864.8958857,264.7335,111.007,27.212,864.785,642845.157,159770.928,4947818.274,1372607.678,4717678.005,1302069.876,1949594.338,142072,61733.43,59705.11,60693.59,16232.5,990360071.9,61313.09,-449.53,-0.7331713342,-1
261,2021-10-24,0,0,0,0,0,0,0,0,0,0,0,0,0,0,0,0,61481.25,59529.34,61313.09,19158.07,1158838825,60863.56,2225.48,3.656506455,1
262,2021-10-25,0,0,0,0,0,0,0,0,0,0,0,0,0,0,0,0,63709.97,60658.35,60863.56,24693.91,1549308692,63089.04,-2773.36,-4.395945793,-1
263,2021-10-26,0,0,0,0,0,0,0,0,0,0,0,0,0,0,0,0,63290.04,59868.68,63089.04,28107.19,1738003095,60315.68,-1851.26,-3.069284803,-1
264,2021-10-27,8722351,63.61966877,165.1191224,478.7247848,113.0135,52.64,16.632,482.728,660327.591,68693.705,7993348.422,2002285.673,7562956.689,701436.8676,1825513.935,-191816,61473,58128.18,60315.68,45852.35,2719093218,58464.42,2145.69,3.670078314,1
265,2021-10-28,11784307,112.0301802,311.8977989,816.8533205,191.3446,85.082,27.585,846.343,1162655.551,359763.438,10260675.73,1828150.214,9866650.478,1167542.344,3451312.96,-982743,62252.08,58145.43,58464.42,51251.1,3090102767,60610.11,1672.39,2.75925914,1
266,2021-10-29,8118362,105.3378848,276.3168156,784.3155458,193.6609,83.516,25.326,802.16,507566.102,232543.787,7378303.134,873221.8284,7106941.171,777787.8569,2470511.301,28552,62967.45,60269.97,60610.11,35214.62,2168021243,62282.5,-390.59,-0.6271263999,-1
267,2021-10-30,0,0,0,0,0,0,0,0,0,0,0,0,0,0,0,0,62371.52,60774.38,62282.5,15917.35,979987095.6,61891.91,-542.16,-0.875978783,-1
268,2021-10-31,0,0,0,0,0,0,0,0,0,0,0,0,0,0,0,0,62420.57,60022.06,61891.91,19359.29,1181933823,61349.75,-388.77,-0.6336945138,-1
269,2021-11-01,0,0,0,0,0,0,0,0,0,0,0,0,0,0,0,0,62482.31,59554.88,61349.75,31925.65,1955088666,60960.98,2299.07,3.77137966,1
270,2021-11-02,0,0,0,0,0,0,0,0,0,0,0,0,0,0,0,0,64283.57,60677.48,60960.98,36009.96,2260756044,63260.05,-330.12,-0.5218459359,-1
271,2021-11-03,0,0,0,0,0,0,0,0,0,0,0,0,0,0,0,0,63553.52,61057.89,63260.05,29618.09,1852233941,62929.93,-1481.46,-2.354142139,-1
272,2021-11-04,7433316,96.08723943,219.5125555,579.5444008,164.7146,72.719,19.663,572.615,469110.983,244425.388,6719296.467,989135.4988,6568905.993,1124458.208,1833306.127,194129,63102.86,60745.84,62929.93,23030.57,1420765191,61448.47,-428.81,-0.6978367403,-1
273,2021-11-05,13306178,119.6127797,324.4045894,840.6160064,208.7733,95.285,30.721,841.003,1515139.012,215437.984,11575423.14,5133116.484,11778615.53,2048750.387,6020074.318,25808,62621.97,60789.16,61448.47,20540.56,1262030165,61019.66,510.1,0.8359600824,1
274,2021-11-06,8858236,137.2118488,365.4824811,958.894261,268.6643,111.697,28.923,967.383,1091460.036,240576.244,7526201.703,2745196.752,7749354.494,1102360.258,3599105.543,177958,61594.16,60130.85,61019.66,15432.25,939530051.9,61529.76,1773.02,2.881564953,1
275,2021-11-07,0,0,0,0,0,0,0,0,0,0,0,0,0,0,0,0,63309.57,61406.56,61529.76,14937.9,929571983.8,63302.78,4246.36,6.708015035,1
276,2021-11-08,0,0,0,0,0,0,0,0,0,0,0,0,0,0,0,0,67755.46,63302.78,63302.78,39774.17,2614939972,67549.14,-609.9,-0.9028982456,-1
277,2021-11-09,0,0,0,0,0,0,0,0,0,0,0,0,0,0,0,0,68514.26,66312.42,67549.14,32745.53,2209551779,66939.24,-2013.18,-3.007473643,-1
278,2021-11-10,0,0,0,0,0,0,0,0,0,0,0,0,0,0,0,0,68978.64,63196.25,66939.24,50591.31,3365466815,64926.06,-105.26,-0.1621228826,-1
279,2021-11-11,7090279,59.23279353,174.0799705,451.7298277,94.3571,45.925,19.192,460.882,288505.522,387066.465,6414885.293,203136.1002,6198009.013,71069.12943,2087336.401,-143914,65585.68,64130.37,64926.06,21475.67,1393819061,64820.8,-664.5,-1.025133908,-1
280,2021-11-12,10779262,111.8725164,345.1242066,889.6653201,204.5223,97.307,35.428,904.27,753566.582,848290.417,9177386.441,937535.914,9245241.071,423407.5531,3377270.974,-281292,65466,62315.02,64820.8,32742.19,2090846686,64156.3,253.26,0.394754685,1
281,2021-11-13,0,0,0,0,0,0,0,0,0,0,0,0,0,0,0,0,64967.34,63406.98,64156.3,12719.98,815997864,64409.56,1099.5,1.707044731,1
282,2021-11-14,0,0,0,0,0,0,0,0,0,0,0,0,0,0,0,0,65509.06,63616.33,64409.56,14680.72,947303706.2,65509.06,-1895,-2.892729647,-1
283,2021-11-15,0,0,0,0,0,0,0,0,0,0,0,0,0,0,0,0,66335.42,63442.58,65509.06,25263.23,1639253321,63614.06,-3505.16,-5.510039762,-1
284,2021-11-16,0,0,0,0,0,0,0,0,0,0,0,0,0,0,0,0,63614.53,58745.71,63614.06,61509.16,3740808476,60108.9,256.7,0.4270582227,1
285,2021-11-17,0,0,0,0,0,0,0,0,0,0,0,0,0,0,0,0,60837.09,58566.05,60108.9,43164.9,2582737931,60365.6,-3434.92,-5.690194415,-1
286,2021-11-18,14721894,122.7660238,333.7646113,918.0991475,203.8883,101.222,33.372,917.394,1439018.119,258644.174,13024041.11,3309553.445,12999042.13,1914790.717,5538404.48,-420945,60964.37,56535.61,60365.6,63523.43,3718546725,56930.68,1205.54,2.117557704,1
287,2021-11-19,29578066,146.4065119,409.7715835,1109.991716,236.5831,116.09,43.492,1127.416,2405568.561,1460036.005,25712442.07,4348370.244,26567969.54,3904382.087,14432259.69,-11099308,58403.92,55655.03,56930.68,36833.38,2107344591,58136.22,1633.44,2.809676997,1
288,2021-11-20,0,0,0,0,0,0,0,0,0,0,0,0,0,0,0,0,59901.9,57450.63,58136.22,16773.71,985075173.7,59769.66,-1068.83,-1.788248419,-1
289,2021-11-21,0,0,0,0,0,0,0,0,0,0,0,0,0,0,0,0,60058.65,58575.6,59769.66,14990.7,888045056.2,58700.83,-2397.77,-4.084729296,-1
290,2021-11-22,0,0,0,0,0,0,0,0,0,0,0,0,0,0,0,0,59391.98,55673.01,58700.83,41371.1,2371226089,56303.06,1263.54,2.244176427,1
291,2021-11-23,0,0,0,0,0,0,0,0,0,0,0,0,0,0,0,0,57873.77,55485.59,56303.06,37871.22,2153848949,57566.6,-391.51,-0.6800992242,-1
292,2021-11-24,3869432,19.66904762,50.12843629,148.3894579,42.8072,20.304,4.138,147.56,760679.445,58740.677,3050023.937,922222.0082,3031436.578,1552528.73,1982417.692,824210,57740.34,55899.88,57566.6,28738.13,1630017074,57175.09,1791.9,3.134057157,1
293,2021-11-25,8464193,126.0433115,313.8097371,779.2753721,219.2638,99.543,29.913,785.541,670898.25,325224.466,7467973.688,727765.7499,6768283.025,683715.2415,2142386.221,-1449758,59437.04,57056.64,57175.09,24221.47,1412787308,58966.99,-5178.77,-8.78249,-1
294,2021-11-26,17277108,155.5568658,479.1307435,1263.939084,248.4855,135.394,57.327,1287.294,1730889.277,947394.605,14598658.16,1821922.12,14821054.13,1955165.836,6862887.284,-4305507,59201.95,53575.54,58966.99,60064.72,3312563228,53788.22,1016.81,1.890395332,1
295,2021-11-27,0,0,0,0,0,0,0,0,0,0,0,0,0,0,0,0,55316.65,53668.95,53788.22,18504.73,1010585542,54805.03,2526.38,4.60975936,1
296,2021-11-28,0,0,0,0,0,0,0,0,0,0,0,0,0,0,0,0,57475.26,53436.05,54805.03,21562.34,1186994647,57331.41,508.14,0.8863204306,1
297,2021-11-29,0,0,0,0,0,0,0,0,0,0,0,0,0,0,0,0,58898.57,56752.37,57331.41,29291.8,1690005716,57839.55,-864.2,-1.49413334,-1
298,2021-11-30,0,0,0,0,0,0,0,0,0,0,0,0,0,0,0,0,59226.33,55931.33,57839.55,41466.86,2383744473,56975.35,252.62,0.4433847269,1
299,2021-12-01,0,0,0,0,0,0,0,0,0,0,0,0,0,0,0,0,59096.53,56505.99,56975.35,36078.24,2072824071,57227.97,-705.21,-1.232282047,-1
300,2021-12-02,0,0,0,0,0,0,0,0,0,0,0,0,0,0,0,0,57409.48,55850.4,57227.97,30214.7,1712170975,56522.76,-2859.51,-5.059041703,-1
301,2021-12-03,0,0,0,0,0,0,0,0,0,0,0,0,0,0,0,0,57639.15,52493.23,56522.76,44903.19,2461497754,53663.25,-4419.86,-8.236288335,-1
302,2021-12-04,0,0,0,0,0,0,0,0,0,0,0,0,0,0,0,0,53871.2,43563.07,53663.25,89255.49,4315348558,49243.39,222.11,0.4510453078,1
303,2021-12-05,0,0,0,0,0,0,0,0,0,0,0,0,0,0,0,0,49764.31,47840.63,49243.39,42264.26,2074283149,49465.5,1087.33,2.198158312,1
304,2021-12-06,0,0,0,0,0,0,0,0,0,0,0,0,0,0,0,0,50986.02,47260.2,49465.5,49875.62,2437856120,50552.83,80.18,0.158606353,1
305,2021-12-07,0,0,0,0,0,0,0,0,0,0,0,0,0,0,0,0,51953.27,50083.33,50552.83,29306.55,1496164577,50633.01,-119.97,-0.2369402886,-1
306,2021-12-08,0,0,0,0,0,0,0,0,0,0,0,0,0,0,0,0,51215.6,48711.85,50633.01,25732.2,1290175070,50513.04,-2919.19,-5.779081995,-1
307,2021-12-09,0,0,0,0,0,0,0,0,0,0,0,0,0,0,0,0,50829.41,47347.73,50513.04,34472.44,1681556176,47593.85,-402.71,-0.8461387343,-1
308,2021-12-10,0,0,0,0,0,0,0,0,0,0,0,0,0,0,0,0,50047.85,46989.42,47593.85,39527.74,1905617871,47191.14,2207.26,4.677276285,1
309,2021-12-11,870645,16.0771232,49.28385173,133.5612519,26.7814,13.223,5.976,135.802,60220.185,37238.574,773183.074,85539.317,739571.6284,25692.09418,219178.8281,73054,49504.07,46829.85,47191.14,24394.48,1181186604,49398.4,711.59,1.440512243,1
310,2021-12-12,0,0,0,0,0,0,0,0,0,0,0,0,0,0,0,0,50807.75,48689.25,49398.4,21546.75,1072562349,50109.99,-3378.96,-6.743086558,-1
311,2021-12-13,0,0,0,0,0,0,0,0,0,0,0,0,0,0,0,0,50215.42,45800.52,50109.99,49444.13,2353893179,46731.03,1656.66,3.545096267,1
312,2021-12-14,0,0,0,0,0,0,0,0,0,0,0,0,0,0,0,0,48665.63,46320.4,46731.03,34838.49,1646492085,48387.69,497.36,1.027864732,1
313,2021-12-15,0,0,0,0,0,0,0,0,0,0,0,0,0,0,0,0,49499.91,46562.1,48387.69,44270.94,2132679583,48885.05,-1249.13,-2.555239281,-1
314,2021-12-16,0,0,0,0,0,0,0,0,0,0,0,0,0,0,0,0,49451.4,47546.15,48885.05,26205.68,1271265805,47635.92,-1471.78,-3.089643278,-1
315,2021-12-17,9729843,61.71179316,183.7029468,462.4676991,106.5209,48.59,23.799,469.607,1004030.077,346475.296,8379250.76,2717573.786,8613739.057,949110.1316,3035770.635,-289905,48004.37,45505.02,47635.92,37546.89,1756062774,46164.14,697.48,1.510869692,1
316,2021-12-18,0,0,0,0,0,0,0,0,0,0,0,0,0,0,0,0,47356.67,45522.92,46164.14,18781.81,874187163.1,46861.62,-164.49,-0.3510121929,-1
317,2021-12-19,0,0,0,0,0,0,0,0,0,0,0,0,0,0,0,0,48286.29,46459.66,46861.62,21907.14,1035963940,46697.13,216.41,0.4634331917,1
318,2021-12-20,0,0,0,0,0,0,0,0,0,0,0,0,0,0,0,0,47495.72,45586.49,46697.13,32678.5,1517599334,46913.54,2003.94,4.27155998,1
319,2021-12-21,0,0,0,0,0,0,0,0,0,0,0,0,0,0,0,0,49334.04,46661.88,46913.54,31921.06,1546447525,48917.48,-302.51,-0.6184087978,-1
320,2021-12-22,0,0,0,0,0,0,0,0,0,0,0,0,0,0,0,0,49581.41,48460.43,48917.48,20998.03,1028434929,48614.97,2215.23,4.556682849,1
321,2021-12-23,0,0,0,0,0,0,0,0,0,0,0,0,0,0,0,0,51382.88,48062.25,48614.97,30734.43,1525047125,50830.2,10.16,0.0199881173,1
322,2021-12-24,0,0,0,0,0,0,0,0,0,0,0,0,0,0,0,0,51863.56,50449.36,50830.2,21669.58,1107244995,50840.36,-408.73,-0.8039478871,-1
323,2021-12-25,0,0,0,0,0,0,0,0,0,0,0,0,0,0,0,0,51158.56,50199.56,50840.36,11532.27,585818997.2,50431.63,359.25,0.7123505625,1
324,2021-12-26,0,0,0,0,0,0,0,0,0,0,0,0,0,0,0,0,51283.7,49485.62,50431.63,14663.26,736617761.9,50790.88,-76.15,-0.1499284911,-1
325,2021-12-27,0,0,0,0,0,0,0,0,0,0,0,0,0,0,0,0,52079.46,50481.26,50790.88,21873.37,1120188137,50714.73,-3178.34,-6.267094392,-1
326,2021-12-28,0,0,0,0,0,0,0,0,0,0,0,0,0,0,0,0,50718.53,47317.78,50714.73,40699.4,1985905082,47536.39,-1064.69,-2.239736757,-1
327,2021-12-29,200275,6.81770202,26.52417929,80.40103751,9.8644,6.752,2.903,84.346,9407.096,3530.606,187333.568,15256.3524,161991.1739,22252.69862,43989.6478,-50136,48145.34,46107.79,47536.39,33749.8,1599557105,46471.7,657.96,1.415829419,1
328,2021-12-30,9574571,79.11501179,241.8010676,578.5645664,133.3008,61.166,24.526,593.307,491801.997,166431.352,8916327.079,1308204.422,8354906.685,1209288.326,3169372.569,2076400,47917.89,45964.28,46471.7,39311.18,1852206857,47129.66,-932.35,-1.978265916,-1
329,2021-12-31,0,0,0,0,0,0,0,0,0,0,0,0,0,0,0,0,48573.22,45665.44,47129.66,34737.79,1636014399,46197.31,1540.04,3.333614013,1
330,2022-01-01,0,0,0,0,0,0,0,0,0,0,0,0,0,0,0,0,47950.29,46196.03,46197.31,16697.92,786729972,47737.35,-430.94,-0.9027312995,-1
331,2022-01-02,0,0,0,0,0,0,0,0,0,0,0,0,0,0,0,0,47979.26,46666.18,47737.35,13025.66,615453426.9,47306.41,-855.62,-1.808676668,-1
332,2022-01-03,0,0,0,0,0,0,0,0,0,0,0,0,0,0,0,0,47572.23,45707.55,47306.41,21681.38,1011309526,46450.79,-626.25,-1.348200967,-1
333,2022-01-04,0,0,0,0,0,0,0,0,0,0,0,0,0,0,0,0,47529.48,45587.91,46450.79,29035.93,1349229423,45824.54,-2392.03,-5.219976022,-1
334,2022-01-05,0,0,0,0,0,0,0,0,0,0,0,0,0,0,0,0,47067.18,42510.86,45824.54,47769.2,2152187256,43432.51,-337.97,-0.7781498237,-1
335,2022-01-06,0,0,0,0,0,0,0,0,0,0,0,0,0,0,0,0,43779.23,42468.76,43432.51,36804.78,1585314774,43094.54,-1550.75,-3.598483706,-1
336,2022-01-07,0,0,0,0,0,0,0,0,0,0,0,0,0,0,0,0,43138.79,40750.42,43094.54,51310.46,2146452950,41543.79,142.88,0.3439262523,1
337,2022-01-08,0,0,0,0,0,0,0,0,0,0,0,0,0,0,0,0,42306.77,40534.37,41543.79,27559.19,1143171233,41686.67,182.93,0.4388213307,1
338,2022-01-09,0,0,0,0,0,0,0,0,0,0,0,0,0,0,0,0,42800.66,41237.13,41686.67,21486.68,901652458.8,41869.6,-37.01,-0.08839348835,-1
339,2022-01-10,0,0,0,0,0,0,0,0,0,0,0,0,0,0,0,0,42251.07,39667.6,41869.6,51976.97,2140270933,41832.59,910.44,2.17638927,1
340,2022-01-11,5610863,45.74009179,100.2649584,263.569657,57.7384,31.761,14.616,263.623,253048.128,148376.422,5209483.814,677087.6079,4212047.765,842083.4967,2109116.639,2560446,43122.32,41279.45,41832.59,36554.37,1545270651,42743.03,1176.64,2.752823092,1
341,2022-01-12,16771715,164.3944071,386.3604272,973.0681598,255.6724,116.364,47.92,979.711,1482329.593,380576.962,14908643.01,3456659.198,13385972.95,2238349.312,5052705.676,2858087,44293.83,42471.08,42743.03,31859.05,1384575769,43919.67,-1344.06,-3.060268895,-1
342,2022-01-13,12413490,166.3332973,389.710217,949.3087237,213.4437,105.758,49.293,959.951,1165777.971,315952.791,10931808.24,2549703.822,10769982.31,1062073.131,3389732.204,2470805,44442.67,42334.75,43919.67,29159.4,1263083590,42575.61,514.22,1.207780699,1
343,2022-01-14,16270079,105.2913912,273.7019937,694.2919482,185.7186,79.971,27.403,699.616,778412.662,707236.129,14784401.73,-308054.9448,14301439.28,2527842.182,6317321.618,193241,43467.05,41785.44,42575.61,27290.3,1165100830,43089.83,-1.09,-0.002529599212,-1
344,2022-01-15,0,0,0,0,0,0,0,0,0,0,0,0,0,0,0,0,43811.94,42589.82,43089.83,14075.12,607715303.4,43088.74,11.62,0.02696760221,1
345,2022-01-16,0,0,0,0,0,0,0,0,0,0,0,0,0,0,0,0,43484.21,42617.07,43088.74,12615.04,543620929.3,43100.36,-875.98,-2.032419219,-1
346,2022-01-17,0,0,0,0,0,0,0,0,0,0,0,0,0,0,0,0,43198.05,41571.67,43100.36,20310.91,861459661.8,42224.38,148.37,0.351384674,1
347,2022-01-18,0,0,0,0,0,0,0,0,0,0,0,0,0,0,0,0,42682.77,41301.01,42224.38,26287.26,1099916846,42372.75,-697.95,-1.647167106,-1
348,2022-01-19,912896,12.04896284,40.70836992,91.02782577,17.2404,7.489,2.708,95.802,38458.258,19451.194,854978.809,82807.0897,815641.2926,71355.94138,555742.6401,19405,42575.28,41144.83,42372.75,32436.62,1359832054,41674.8,-977.77,-2.346190024,-1
349,2022-01-20,4474141,83.79082564,212.4957987,519.4781802,121.7999,55.209,22.946,530.848,497458.656,131846.681,3844850.106,1247005.807,3875090.204,811140.7751,1814525.663,75041,43513.14,40564.32,41674.8,35135.79,1482814890,40697.03,-4227.73,-10.38830106,-1
350,2022-01-21,5346574,115.686725,350.1930781,800.5533749,125.4025,86.895,54.881,810.242,556021.959,250952.776,4539423.029,879427.6748,4514917.184,306687.0237,1839209.004,-336268,41116.66,35494.42,40697.03,94195.63,3610621841,36469.3,-1393.38,-3.820693021,-1
351,2022-01-22,19696620,238.4896846,662.8008707,1643.696687,307.3019,176.95,93.057,1669.989,1813456.756,435845.894,17447174.97,3732868.169,17328461.78,1448740.885,4435825.007,475259,36811.86,34130.35,36469.3,68447.95,2419705021,35075.92,1212.23,3.45601769,1
352,2022-01-23,0,0,0,0,0,0,0,0,0,0,0,0,0,0,0,0,36539.19,34648.38,35075.92,39599.36,1405386711,36288.15,414.64,1.142631961,1
353,2022-01-24,0,0,0,0,0,0,0,0,0,0,0,0,0,0,0,0,37469.19,32990.72,36288.15,94597.7,3289034581,36702.79,273.2,0.7443575815,1
354,2022-01-25,0,0,0,0,0,0,0,0,0,0,0,0,0,0,0,0,37555.35,35732.05,36702.79,44562.17,1632275611,36975.99,-146.62,-0.3965275845,-1
355,2022-01-26,0,0,0,0,0,0,0,0,0,0,0,0,0,0,0,0,38930.36,36275.92,36975.99,57460,2163384357,36829.37,360.48,0.978784052,1
356,2022-01-27,0,0,0,0,0,0,0,0,0,0,0,0,0,0,0,0,37242.79,35543.94,36829.37,46006.99,1671118834,37189.85,554.85,1.491939333,1
357,2022-01-28,0,0,0,0,0,0,0,0,0,0,0,0,0,0,0,0,38021.06,36176.78,37189.85,38853.31,1439590446,37744.7,440.16,1.166150479,1
358,2022-01-29,0,0,0,0,0,0,0,0,0,0,0,0,0,0,0,0,38728.29,37343.45,37744.7,24097.29,913551592.6,38184.86,-276.42,-0.7238994722,-1
359,2022-01-30,0,0,0,0,0,0,0,0,0,0,0,0,0,0,0,0,38364.51,37377.53,38184.86,17354.8,658154943.2,37908.44,586.22,1.546410245,1
360,2022-01-31,0,0,0,0,0,0,0,0,0,0,0,0,0,0,0,0,38769.81,36660.7,37908.44,34716.41,1310842543,38494.66,226.83,0.589250561,1
361,2022-02-01,0,0,0,0,0,0,0,0,0,0,0,0,0,0,0,0,39281.06,38033.98,38494.66,32504.03,1255765240,38721.49,-1803.3,-4.657103846,-1
362,2022-02-02,0,0,0,0,0,0,0,0,0,0,0,0,0,0,0,0,38883.19,36650.8,38721.49,29144.5,1099971099,36918.19,410.45,1.111782566,1
363,2022-02-03,0,0,0,0,0,0,0,0,0,0,0,0,0,0,0,0,37411.52,36270.47,36918.19,27541.76,1012101575,37328.64,4261.7,11.4167031,1
364,2022-02-04,0,0,0,0,0,0,0,0,0,0,0,0,0,0,0,0,41737.83,37060.18,37328.64,50443.53,1978064223,41590.34,-172.13,-0.4138701439,-1
365,2022-02-05,0,0,0,0,0,0,0,0,0,0,0,0,0,0,0,0,41954.24,40963.47,41590.34,22244.16,923755180.1,41418.21,994.2,2.40039345,1
366,2022-02-06,0,0,0,0,0,0,0,0,0,0,0,0,0,0,0,0,42671.81,41152.05,41418.21,14391.14,600848486.1,42412.41,1448.66,3.415651221,1
367,2022-02-07,0,0,0,0,0,0,0,0,0,0,0,0,0,0,0,0,44518.11,41689.77,42412.41,42425.21,1836978531,43861.07,219.05,0.4994178209,1
368,2022-02-08,0,0,0,0,0,0,0,0,0,0,0,0,0,0,0,0,45483.65,42704.39,43861.07,44964.2,1972336801,44080.12,342.79,0.777652148,1
369,2022-02-09,10419868,80.60182525,207.8740805,511.7261357,130.7428,60.42,24.812,518.767,842270.246,121908.223,9455703.698,1828743.606,8941636.587,759900.7386,1705739.79,49382,44849.9,43167.21,44080.12,27461.26,1207982276,44422.91,-891.24,-2.006262084,-1
370,2022-02-10,0,0,0,0,0,0,0,0,0,0,0,0,0,0,0,0,45837.02,43254.41,44422.91,45532.09,2027452817,43531.67,-1132.69,-2.601990689,-1
371,2022-02-11,0,0,0,0,0,0,0,0,0,0,0,0,0,0,0,0,43950.88,42010.61,43531.67,39322.02,1694547021,42398.98,-159.97,-0.3772968123,-1
372,2022-02-12,0,0,0,0,0,0,0,0,0,0,0,0,0,0,0,0,43041.72,41775.79,42398.98,17662.13,747480841.8,42239.01,-169.17,-0.400506546,-1
373,2022-02-13,0,0,0,0,0,0,0,0,0,0,0,0,0,0,0,0,42773.35,41900.31,42239.01,12420.62,525779246,42069.84,482.44,1.146759769,1
374,2022-02-14,442407,18.38257937,43.84357504,109.3877234,24.5535,12.085,4.693,112.219,31317.567,22784.543,388263.294,28219.2455,364980.2562,25836.47403,66821.57629,8617,42857.15,41581.41,42069.84,27975.8,1183004345,42552.28,2024.05,4.756619387,1
375,2022-02-15,1576874,30.32621561,76.72708694,218.0075202,56.4822,21.396,6.506,224.094,122478.161,44934.14,1409461.501,267646.0687,1352456.607,259052.1041,494701.7056,50310,44771.91,42452.02,42552.28,27548.28,1210638166,44576.33,-679.99,-1.525450839,-1
376,2022-02-16,497115,8.669874339,22.12908309,65.86568815,14.8342,5.938,2.01,68.055,45684.88,8530.301,442910.879,156537.8277,436458.8199,156918.2061,187431.809,17669,44583.03,43361.09,44576.33,20597.85,905511530.5,43896.34,-3351.25,-7.634463374,-1
377,2022-02-17,3265821,68.4135315,171.8270081,430.8428287,109.6155,49.363,17.274,441.364,291193.444,223234.933,2752087.763,231385.785,2754581.447,297703.9284,1688615.058,40339,44187.88,40104.04,43896.34,39645.29,1669164372,40545.09,-550.43,-1.357574986,-1
378,2022-02-18,6524735,74.87500341,179.8311871,450.981434,103.9986,48.179,17.774,458.049,392180.118,101161.48,6031421.785,834979.0144,5814279.235,688331.5631,1362778.047,-234379,40980.65,39496.7,40545.09,32514.79,1308787737,39994.66,112.46,0.2811875385,1
379,2022-02-19,0,0,0,0,0,0,0,0,0,0,0,0,0,0,0,0,40464.62,39664.71,39994.66,11674.81,467744109.7,40107.12,-1709.87,-4.263257995,-1
380,2022-02-20,0,0,0,0,0,0,0,0,0,0,0,0,0,0,0,0,40142.98,38019.97,40107.12,23028.66,890707081.7,38397.25,-1359.86,-3.54155571,-1
381,2022-02-21,0,0,0,0,0,0,0,0,0,0,0,0,0,0,0,0,39495.33,36862.52,38397.25,47549.32,1819938919,37037.39,1230.36,3.321940342,1
382,2022-02-22,0,0,0,0,0,0,0,0,0,0,0,0,0,0,0,0,38458.26,36371.68,37037.39,42886.39,1605539398,38267.75,-996.9,-2.605065623,-1
383,2022-02-23,0,0,0,0,0,0,0,0,0,0,0,0,0,0,0,0,39260.51,37083.83,38267.75,31850.78,1218156855,37270.85,1082.77,2.905139003,1
384,2022-02-24,0,0,0,0,0,0,0,0,0,0,0,0,0,0,0,0,39182.44,34349.58,37270.85,93348.71,3367553843,38353.62,886.15,2.31047291,1
385,2022-02-25,0,0,0,0,0,0,0,0,0,0,0,0,0,0,0,0,39710.26,38043.51,38353.62,39454.29,1536575836,39239.77,-104.94,-0.2674327602,-1
386,2022-02-26,0,0,0,0,0,0,0,0,0,0,0,0,0,0,0,0,40228.13,38605.65,39239.77,18649.99,732995982.5,39134.83,-1419.87,-3.628149145,-1
387,2022-02-27,0,0,0,0,0,0,0,0,0,0,0,0,0,0,0,0,39861.91,37039.71,39134.83,30834.07,1184510441,37714.96,5474.5,14.51546018,1
388,2022-02-28,0,0,0,0,0,0,0,0,0,0,0,0,0,0,0,0,43953.92,37473.3,37714.96,55323.43,2231772119,43189.46,1239.01,2.868778633,1
389,2022-03-01,0,0,0,0,0,0,0,0,0,0,0,0,0,0,0,0,44883.1,42893.5,43189.46,48462.11,2121207162,44428.47,-493.1,-1.109873916,-1
390,2022-03-02,4041038,27.25476671,81.17341931,206.4777824,51.1511,19.192,5.699,212.112,65940.16,35545.297,3939566.063,103185.7265,3641936.233,125489.9304,458543.1819,88227,45069.78,43387.92,44428.47,37389.51,1652867992,43935.37,-1461,-3.325339015,-1
391,2022-03-03,0,0,0,0,0,0,0,0,0,0,0,0,0,0,0,0,44079.17,41852.46,43935.37,36512.65,1565020514,42474.37,-3319.97,-7.816407871,-1
392,2022-03-04,0,0,0,0,0,0,0,0,0,0,0,0,0,0,0,0,42520.95,38621.24,42474.37,50126.39,2043287978,39154.4,252.62,0.6451893018,1
393,2022-03-05,0,0,0,0,0,0,0,0,0,0,0,0,0,0,0,0,39596.42,38652.98,39154.4,15938.79,624289503.9,39407.02,-978.1,-2.482045077,-1
394,2022-03-06,8920697,21.41642015,68.25683021,173.2278168,43.7453,17.573,4.849,175.585,2318699.135,17652.014,6584354.492,7109948.624,8060950.01,2838830.464,4173113.261,-8749,39686.74,38133.84,39407.02,21034.62,818379145.1,38428.92,-398.29,-1.036432978,-1
395,2022-03-07,5820683,68.08753728,185.4084002,524.4930827,106.9771,42.418,16.551,549.029,320385.074,73595.045,5426786.637,943501.3679,5100123.517,698442.2585,2979832.415,111099,39536.14,37191.99,38428.92,40474.56,1547870220,38030.63,717.89,1.887662655,1
396,2022-03-08,724318,12.76494228,40.31664442,128.1753257,27.5676,11.79,4.109,131.097,70421.675,15244.997,638650.57,129790.8285,631368.2805,42317.15657,107622.8111,-61001,39361.33,37905.43,38030.63,35521.85,1373819362,38748.52,3214.33,8.295361991,1
397,2022-03-09,1884040,46.40116119,118.1968975,332.1997465,84.9063,33.323,9.878,345.795,156337.956,43072.932,1684630.274,424825.3166,1566475.295,357663.7427,573179.0795,218167,42557.95,38685.96,38748.52,47211.82,1960521974,41962.85,-2519.43,-6.003953497,-1
398,2022-03-10,9108564,98.3494234,266.2146324,702.0349786,176.0824,73.364,27.896,719.748,1068356.699,82888.485,7957458.536,3636591.97,7417169.035,1428390.113,1362645.202,110583,42043.56,38853.45,41962.85,42472.49,1683595950,39443.42,-702.39,-1.780753292,-1
399,2022-03-11,0,0,0,0,0,0,0,0,0,0,0,0,0,0,0,0,40221.93,38261.24,39443.42,39197.4,1527385235,38741.03,64.5,0.1664901527,1
400,2022-03-12,0,0,0,0,0,0,0,0,0,0,0,0,0,0,0,0,39414.02,38696.52,38741.03,11886.69,464694957.4,38805.53,-1009.22,-2.600711806,-1
401,2022-03-13,0,0,0,0,0,0,0,0,0,0,0,0,0,0,0,0,39254.88,37633.11,38805.53,17796.13,687723583.6,37796.31,1899.97,5.026866379,1
402,2022-03-14,346141,10.2882014,25.22147367,70.36316401,15.0922,7.161,2.621,74.215,51930.857,7852.73,286316.919,174072.6246,249778.3783,79935.90571,151116.2432,-13479,39802.89,37566.52,37796.31,32100.73,1245884221,39696.28,-381.42,-0.9608457014,-1
403,2022-03-15,5252311,119.0798693,280.4856067,697.9678218,176.9687,77.42,28.16,708.412,498065.185,108312.094,4646018.935,1355163.727,4569116.724,1039972.943,1941564.143,-228741,39863.78,38259.88,39696.28,30642.09,1196862774,39314.86,1818.78,4.62618969,1
404,2022-03-16,23429915,149.4230813,364.8451471,1009.236334,236.0591,106.441,33.491,1040.058,4633490.702,140729.916,18655703.46,8397738.413,19410849.89,2920962.496,11236637.05,1065523,41638.54,38933.24,39314.86,54967.36,2217384588,41133.64,-176.85,-0.4299400685,-1
405,2022-03-17,4237098,82.78745497,203.4369909,518.0555272,113.784,53.328,18.716,530.961,469852.071,96063.876,3671224.702,1268426.422,3398142.445,772376.4076,1965646.277,155879,41441.08,40581.36,41133.64,18001.83,736387236,40956.79,834.18,2.036731883,1
406,2022-03-18,6079929,70.82790704,180.4310457,480.1775385,105.0865,49.582,20.218,494.202,595406.244,56094.867,5428451.415,1627352.711,5292088.382,433162.4681,1929768.506,-46427,42250.94,40230.1,40956.79,31863.74,1310605070,41790.97,444.05,1.062550115,1
407,2022-03-19,2021701,56.24740657,135.2678802,338.2720619,105.966,37.321,10.836,350.846,172584.917,78231.866,1770862.395,386548.2925,1747408.308,457925.0005,765001.7668,-249456,42367.55,41549.61,41790.97,15244.76,638860854,42235.02,-991.86,-2.348430284,-1
408,2022-03-20,1790260,59.36704089,150.7820194,382.7458434,87.6931,37.872,13.587,391.549,182945.825,48361.724,1559104.508,534726.544,1553650.584,474840.5146,728174.5008,68796,42297.3,40979.25,42235.02,15580.67,647551620.2,41243.16,-199.26,-0.483134658,-1
409,2022-03-21,7236696,103.2537334,250.443163,666.939784,167.6566,71.352,25.133,675.52,910630.783,118378.2,6207715.401,2597103.814,6449968.954,956174.5851,1749350.676,321770,41510.03,40555.57,41243.16,21865.63,897693606.3,41043.9,1336.21,3.255562946,1
410,2022-03-22,137,0,0.2,0.943487227,-0.296,0,0.081,0.919,0,11.097,125.903,-40.552,129.2577501,0,27.4,0,43287.39,40923.9,41043.9,37636.83,1597913843,42380.11,523.99,1.236405474,1
411,2022-03-23,2451926,97.13213999,242.2266301,600.827284,142.262,62.87,22.145,605.975,246711.263,44517.887,2160680.521,733438.3909,2119827.665,693225.6889,979676.0073,189356,43021.74,41806.4,42380.11,26406.13,1116852857,42904.1,1102.67,2.570080715,1
412,2022-03-24,13596169,185.2882529,444.6708022,1219.761743,267.7421,131.472,47.083,1252.462,992920.798,543985.627,12059243.28,1221302.786,11333229.08,914020.7235,3905620.32,-2214663,44230.66,42653.71,42904.1,34879.48,1514036891,44006.77,324.59,0.737591057,1
413,2022-03-25,0,0,0,0,0,0,0,0,0,0,0,0,0,0,0,0,45112.71,43629.05,44006.77,34465.44,1529847573,44331.36,210.95,0.4758482483,1
414,2022-03-26,0,0,0,0,0,0,0,0,0,0,0,0,0,0,0,0,44811.3,44108.04,44331.36,11559.16,513402297.3,44542.31,2299.83,5.163248157,1
415,2022-03-27,0,0,0,0,0,0,0,0,0,0,0,0,0,0,0,0,46896.6,44449.41,44542.31,22676.91,1035071606,46842.14,286.57,0.611778198,1
416,2022-03-28,0,0,0,0,0,0,0,0,0,0,0,0,0,0,0,0,48208.48,46669.19,46842.14,35796.78,1697234774,47128.71,316.59,0.6717561334,1
417,2022-03-29,0,0,0,0,0,0,0,0,0,0,0,0,0,0,0,0,48054.67,47018.87,47128.71,27820.54,1324122254,47445.3,-388.89,-0.8196596923,-1
418,2022-03-30,0,0,0,0,0,0,0,0,0,0,0,0,0,0,0,0,47690.62,46606.97,47445.3,24550.14,1158606189,47056.41,-1533.76,-3.259407167,-1
419,2022-03-31,0,0,0,0,0,0,0,0,0,0,0,0,0,0,0,0,47599.87,45220.41,47056.41,29105.61,1350600519,45522.65,777.1,1.707062309,1
420,2022-04-01,0,0,0,0,0,0,0,0,0,0,0,0,0,0,0,0,46726.2,44256.66,45522.65,34247.82,1558891962,46299.75,-477.47,-1.031258268,-1
421,2022-04-02,0,0,0,0,0,0,0,0,0,0,0,0,0,0,0,0,47208.84,45655.15,46299.75,16494.27,765849775,45822.28,591.98,1.291904288,1
422,2022-04-03,0,0,0,0,0,0,0,0,0,0,0,0,0,0,0,0,47432.6,45565.57,45822.28,17415.21,809819360.9,46414.26,195.1,0.4203449543,1
423,2022-04-04,0,0,0,0,0,0,0,0,0,0,0,0,0,0,0,0,46893.71,45136.03,46414.26,24886.34,1145480472,46609.36,-1107.78,-2.376732914,-1
424,2022-04-05,0,0,0,0,0,0,0,0,0,0,0,0,0,0,0,0,47187.66,45382.83,46609.36,24206.2,1118296320,45501.58,-2323.8,-5.107075403,-1
425,2022-04-06,0,0,0,0,0,0,0,0,0,0,0,0,0,0,0,0,45518.32,43129.76,45501.58,43268.81,1918395755,43177.78,288.43,0.668005627,1
426,2022-04-07,0,0,0,0,0,0,0,0,0,0,0,0,0,0,0,0,43894.7,42766.45,43177.78,22801.41,989892880.8,43466.21,-1192.83,-2.744269629,-1
427,2022-04-08,0,0,0,0,0,0,0,0,0,0,0,0,0,0,0,0,43982.39,42123.42,43466.21,25455.2,1098738940,42273.38,495.23,1.171493739,1
428,2022-04-09,0,0,0,0,0,0,0,0,0,0,0,0,0,0,0,0,42813.04,42136.04,42273.38,9050.96,384171498.9,42768.61,-614.84,-1.437596405,-1
429,2022-04-10,0,0,0,0,0,0,0,0,0,0,0,0,0,0,0,0,43442.48,41921.59,42768.61,12859.53,549311405.4,42153.77,-2617.06,-6.20836523,-1
430,2022-04-11,0,0,0,0,0,0,0,0,0,0,0,0,0,0,0,0,42422.86,39229.4,42153.77,34885.37,1423397891,39536.71,549.95,1.390985745,1
431,2022-04-12,0,0,0,0,0,0,0,0,0,0,0,0,0,0,0,0,40673.93,39266.86,39536.71,27198.43,1087667636,40086.66,1063.67,2.653426352,1
432,2022-04-13,4007278,64.10862073,151.622503,421.0400934,85.8472,39.651,13.771,431.57,305019.322,47661.306,3654599.82,878758.1842,3552865.06,556957.7743,1181278.945,301564,41538.17,39591.74,40086.66,24390.05,990022174.3,41150.33,-1198.7,-2.912977855,-1
433,2022-04-14,5502638,90.10623107,242.6048325,653.7789063,118.219,61.229,24.947,667.817,379187.992,97622.648,5025834.733,978172.505,4899314.505,576277.2039,2179965.593,236673,41503.56,39587.14,41150.33,21473.52,870654332.3,39951.63,612.06,1.532002574,1
434,2022-04-15,14934993,166.4145976,377.5158335,954.3773606,212.5081,101.69,39.033,974.262,1239865.063,306413.958,13388678.96,3572237.92,13347903.71,2365775.146,6320304.51,1230022,40800.76,39779.2,39951.63,13944.94,561514975.8,40563.69,-171.14,-0.4219044175,-1
435,2022-04-16,8314241,209.2852922,400.3118306,975.4663675,279.3442,118.395,35.226,984.363,685605.847,521490.127,7107298.529,1320705.989,7125420.259,1371652.274,2524012.23,330627,40698.01,40019.08,40563.69,7771.05,313875941.1,40392.55,-704.39,-1.743861182,-1
436,2022-04-17,1325037,36.35800189,83.14369213,201.9330714,41.8396,20.986,8.366,203.648,145236.818,18055.284,1161751.767,335310.4513,1137831.003,279236.2823,611158.9048,130595,40602.63,39563.9,40392.55,9701.08,389893199.5,39688.16,1122.87,2.82923169,1
437,2022-04-18,17074817,204.8233217,522.063468,1277.602736,316.1668,143.925,49.024,1299.052,1946344.924,415080.053,14713859.25,6144159.143,14549168.45,3199141.072,6746638.77,538198,41096.46,38569.14,39688.16,27721.5,1101204134,40811.03,693.41,1.69907498,1
438,2022-04-19,17640737,188.4864709,471.0195927,1181.075038,259.063,127.549,49.579,1191.879,1293085.536,402652.532,15944959.67,2924625.434,15468125.97,1718834.686,6599375.577,992165,41755.93,40588.12,40811.03,18644.77,768239204.7,41504.44,-129.09,-0.3110269648,-1
439,2022-04-20,5990782,40.6059498,104.4404718,266.0405934,55.1205,28.681,11.093,274.225,530464.174,51402.273,5408908.121,2355410.087,4788434.032,945992.0598,2091970.788,-106219,42208.1,40919.04,41504.44,25834.31,1072814871,41375.35,-884.38,-2.137456239,-1
440,2022-04-21,18742175,120.4988291,299.8123153,744.9995544,156.1409,79.729,30.72,760.55,3400829.645,146920.488,15194664.05,11470539,15971569.99,6874217.022,7549434.639,3225600,42996.5,39864.73,41375.35,31792.3,1324052658,40490.97,-774.93,-1.913834122,-1
441,2022-04-22,6923110,141.8620581,365.7864458,899.3032569,191.3614,95.528,37.243,917.23,619453.974,162857.245,6140699.668,1332304.928,6089348.748,688312.499,2312250.222,-99820,40794.73,39190.22,40490.97,28863.91,1154693915,39716.04,-270.07,-0.6800023366,-1
442,2022-04-23,0,0,0,0,0,0,0,0,0,0,0,0,0,0,0,0,39988.54,39305.67,39716.04,11481.51,455659637.8,39445.97,20.29,0.05143744722,1
443,2022-04-24,0,0,0,0,0,0,0,0,0,0,0,0,0,0,0,0,39943.44,39044.29,39445.97,12668.56,501272140.4,39466.26,971.26,2.460988196,1
444,2022-04-25,0,0,0,0,0,0,0,0,0,0,0,0,0,0,0,0,40590.8,38234.7,39466.26,38636.23,1514243711,40437.52,-2320.13,-5.737567487,-1
445,2022-04-26,0,0,0,0,0,0,0,0,0,0,0,0,0,0,0,0,40797.85,37726.59,40437.52,38188.24,1492483889,38117.39,1134.65,2.976725321,1
446,2022-04-27,602389,5.781982323,18.11162157,48.54241985,7.6592,4.009,2.253,50.738,45592.028,23002.454,533794.495,98374.9864,547065.6643,109248.4503,270499.0816,-34010,39465.62,37900.6,38117.39,34510.32,1341340920,39252.04,497.71,1.267985052,1
447,2022-04-28,4692407,90.3971198,242.5362289,618.8514701,154.8324,60.401,17.489,648.113,468385.71,98076.695,4126053.462,1259681.268,4078718.566,815749.3162,1741916.273,248988,40386.5,38892.1,39252.04,29981.12,1188927764,39749.75,-1155.53,-2.907011994,-1
448,2022-04-29,3747551,95.66270162,218.9111671,569.5490424,134.2237,57.008,18.678,587.317,375123.539,88972.849,3283476.956,1041435.193,3258874.922,657643.7356,1373520.392,155899,39922.6,38179.15,39749.75,24745.92,964020058.2,38594.22,-944.09,-2.446195311,-1
449,2022-04-30,15145986,154.1556999,370.7280664,877.4105607,206.2633,100.036,38.031,891.942,1747960.1,967721.886,12430231.18,2594795.129,12106907.86,-114276.9005,7799460.42,1268311,38788.01,37607.77,38594.22,13696.14,525291276.3,37650.13,830.4,2.205570074,1
450,2022-05-01,13032234,188.9874689,479.3626033,1093.155803,286.8043,127.184,45.789,1112.022,1012380.386,360696.103,11659336.57,2739012.311,11447058.76,1690812.183,4492272.674,505315,38668,37461.76,37650.13,17299.6,659030267.8,38480.53,32.48,0.08440632185,1
451,2022-05-02,14470654,134.5432277,326.2046136,848.9360825,235.3868,98.648,30.145,874.199,701698.609,332217.112,13437090.02,1652504.988,12232277.04,1122441.271,4283617.049,-1328084,39155.96,38057.31,38480.53,29810.45,1152557749,38513.01,-787.63,-2.045101123,-1
452,2022-05-03,0,0,0,0,0,0,0,0,0,0,0,0,0,0,0,0,38644.5,37519.23,38513.01,28729.95,1095654278,37725.38,1954.83,5.181737069,1
453,2022-05-04,0,0,0,0,0,0,0,0,0,0,0,0,0,0,0,0,40004.37,37665.8,37725.38,36519.07,1426469839,39680.21,-3133.35,-7.896505588,-1
454,2022-05-05,0,0,0,0,0,0,0,0,0,0,0,0,0,0,0,0,39831.19,35616.74,39680.21,51315.2,1920976839,36546.86,-536.97,-1.469264391,-1
455,2022-05-06,0,0,0,0,0,0,0,0,0,0,0,0,0,0,0,0,36654.02,35318.86,36546.86,46629.65,1682230363,36009.89,-540.68,-1.5014764,-1
456,2022-05-07,0,0,0,0,0,0,0,0,0,0,0,0,0,0,0,0,36129.02,34837.06,36009.89,20043,713980597,35469.21,-1435.44,-4.04700302,-1
457,2022-05-08,0,0,0,0,0,0,0,0,0,0,0,0,0,0,0,0,35503.12,33732.4,35469.21,41023.3,1413921300,34033.77,-3956.87,-11.62630528,-1
458,2022-05-09,0,0,0,0,0,0,0,0,0,0,0,0,0,0,0,0,34229.57,30068.1,34033.77,108479.24,3472851116,30076.9,936.22,3.112754306,1
459,2022-05-10,2451133,46.25651987,133.1363864,329.914551,58.7818,35.811,17.775,334.425,213580.252,111242.828,2126379.948,335635.5481,2053084.448,179886.8037,849728.0674,-70886,32625.41,29836.19,30076.9,103840.6,3244062170,31013.12,-1995.91,-6.435695602,-1
460,2022-05-11,5975949,53.43150293,189.7229611,460.6282508,69.0102,50.322,28.182,462.507,515649.137,295646.789,5164710.558,301932.0863,5060338.194,963664.049,2321935.811,-391050,32136.04,28087.41,31013.12,131586.22,3967102739,29017.21,-101.49,-0.349757954,-1
461,2022-05-12,16706513,120.8987247,442.1410032,1125.12862,157.0376,112.716,61.681,1151.598,1919080.197,714145.589,14073351.15,3219782.139,12861325.5,2119755.581,6146205.205,-1177081,30085.67,25835.61,29017.21,160835.32,4501368166,28915.72,329.11,1.138169826,1
462,2022-05-13,13414321,137.6309071,396.7133889,993.5251516,199.6612,107.652,47.938,1016.417,1211358.398,431925.636,11770981.4,3817447.315,11166219.52,2224223.151,4911829.623,1386052,30964.26,28700.17,28915.72,64448.46,1942170683,29244.83,805.48,2.7542646,1
463,2022-05-14,0,0,0,0,0,0,0,0,0,0,0,0,0,0,0,0,30274.18,28588.99,29244.83,28759.56,845013800.6,30050.31,1245.8,4.145714304,1
464,2022-05-15,0,0,0,0,0,0,0,0,0,0,0,0,0,0,0,0,31406.35,29462.91,30050.31,26775.5,810199953.2,31296.11,-1457.61,-4.657479795,-1
465,2022-05-16,0,0,0,0,0,0,0,0,0,0,0,0,0,0,0,0,31296.19,29104.45,31296.11,41520.45,1242326194,29838.5,577.41,1.935117382,1
466,2022-05-17,0,0,0,0,0,0,0,0,0,0,0,0,0,0,0,0,30744.47,29434.76,29838.5,33082.29,1000070391,30415.91,-1748.62,-5.749030688,-1
467,2022-05-18,0,0,0,0,0,0,0,0,0,0,0,0,0,0,0,0,30673.66,28610.2,30415.91,44949.69,1322816665,28667.29,1615.19,5.634261209,1
468,2022-05-19,0,0,0,0,0,0,0,0,0,0,0,0,0,0,0,0,30505,28653.17,28667.29,48991.36,1453211640,30282.48,-1116.33,-3.686388962,-1
469,2022-05-20,0,0,0,0,0,0,0,0,0,0,0,0,0,0,0,0,30725.44,28698.31,30282.48,57051.25,1692088244,29166.15,244.57,0.8385405684,1
470,2022-05-21,0,0,0,0,0,0,0,0,0,0,0,0,0,0,0,0,29613.15,28924.28,29166.15,15780.21,462392582.2,29410.72,853.57,2.902241088,1
471,2022-05-22,8721760,107.1005971,226.9812645,551.8656968,132.9686,65.444,19.131,554.431,1055693.814,269477.763,7397589.899,2509143,6939786.307,1453894.951,2938545.475,1604270,30454.36,29219.51,29410.72,21390.13,639923811.6,30264.29,-1188.61,-3.927433949,-1
472,2022-05-23,1140958,15.9559369,42.46099988,104.0057149,29.0622,13.159,4.911,106.929,188670.502,22154.211,930106.126,559693.5473,814525.384,337504.1082,505448.75,-17079,30634.84,28861.27,30264.29,38286.66,1147137211,29075.68,554.37,1.906645004,1
473,2022-05-24,4927019,70.86570211,181.0595759,479.5898242,91.1413,50.238,21.699,489.059,513933.193,162988.877,4250066.305,1118889.107,4129805.534,840316.2353,1995331.62,-41394,29800.48,28629.55,29075.68,28263.22,826118559.9,29630.05,-121.78,-0.4110016689,-1
474,2022-05-25,2967489,51.8529412,138.2520926,355.0329074,70.0011,39.771,17.672,360.553,270442.999,165127.316,2531909.31,379094.0579,2495726.679,438190.818,1056112.811,-103186,30189.17,29321.43,29630.05,26906.19,800315804.1,29508.27,-319.56,-1.082950644,-1
475,2022-05-26,15774595,70.57503812,195.3859576,524.5898005,90.1796,50.135,24.594,536.269,788667.717,2270717.219,12715201.43,-1012831.749,14068067.97,1549626.601,3469533.639,-210410,29848.6,28060.72,29508.27,45080.31,1314694988,29188.71,-591.38,-2.026057335,-1
476,2022-05-27,6716941,41.81895387,130.9451553,345.4521457,70.6286,37.06,14.833,354.102,892225.846,466520.448,5357030.316,1300047.078,5628837.156,961659.0984,2873641.642,-2143540,29359.16,28251.91,29188.71,36570.36,1054644721,28597.33,416.2,1.455380625,1
477,2022-05-28,873333,20.62079082,48.67910654,132.6630083,20.6555,12.409,7.319,135.272,33880.629,16047.482,823407.413,62085.1379,774515.4413,89924.48316,440941.4233,54165,29234.85,28504.59,28597.33,12661.88,365397751.8,29013.53,438.7,1.51205317,1
478,2022-05-29,3815686,67.04836426,179.4910429,463.0226823,79.5192,50.391,23.632,464.981,390621.274,74231.235,3350832.526,940493.8089,3279062.182,690306.0041,1151837.33,1056969,29548.72,28820.15,29013.53,12840.42,374906552.3,29452.23,2264.18,7.687635198,1
479,2022-05-30,3529004,55.29704984,162.7718033,480.6788887,100.3272,42.432,14.621,495.936,197646.409,44059.383,3287293.056,546991.6086,3178092.027,507113.1132,1262557.641,-4456,32161.5,29287.63,29452.23,46295.9,1426112899,31716.41,65.75,0.2073059341,1
480,2022-05-31,3804922,53.52189701,143.8553448,445.6755404,93.7512,45.662,16.233,455.111,364656.27,107571.63,3332644.025,902449.7883,3249717.03,641927.6378,1036157.559,98326,32367.02,31203.31,31716.41,32446.48,1028808882,31782.16,-1992.58,-6.269492067,-1
481,2022-06-01,4247904,70.34122829,205.7513275,572.8921808,113.9488,58.418,22.626,582.956,257858.226,133442.899,3856409.204,438562.5133,3697845.715,301217.6709,916437.7277,16729,31956.43,29324.1,31782.16,43767.18,1343136773,29789.58,650.05,2.182138855,1
482,2022-06-02,4014056,35.48867244,96.72823214,256.8443554,61.4424,28.814,11.986,260.2,196887.124,119966.532,3697153.682,397909.4195,3449430.897,61801.28097,800562.7522,-283966,30647.18,29574.16,29789.58,31049.7,932339972.8,30439.63,-759.33,-2.494544119,-1
483,2022-06-03,14237963,105.7669694,272.7057895,717.35622,145.883,78.159,33.244,732.595,1094909.937,424547.89,12718710.97,3027420.343,11913581.32,1869690.108,5208997.812,-497810,30676.7,29249.37,30439.63,24607.85,734000142.9,29680.3,165.18,0.5565307628,1
484,2022-06-04,792380,24.28543561,55.50001984,146.2983844,28.8095,16.36,7.081,146.562,186830.793,26510.223,579067.251,231035.6042,702724.4838,67829.90432,158097.2784,33015,29953.65,29466.57,29680.3,10446.72,310298122.4,29845.48,52.42,0.1756379861,1
485,2022-06-05,0,0,0,0,0,0,0,0,0,0,0,0,0,0,0,0,30151.31,29516.97,29845.48,10423.68,311392830.2,29897.9,1455.88,4.869505885,1
486,2022-06-06,0,0,0,0,0,0,0,0,0,0,0,0,0,0,0,0,31740.27,29876.22,29897.9,34484.33,1076503584,31353.78,-242.03,-0.7719324432,-1
487,2022-06-07,0,0,0,0,0,0,0,0,0,0,0,0,0,0,0,0,31551.28,29210.15,31353.78,44308.05,1340573594,31111.75,-922.48,-2.965053396,-1
488,2022-06-08,0,0,0,0,0,0,0,0,0,0,0,0,0,0,0,0,31305.48,29839.64,31111.75,27741.65,844411303.8,30189.27,-106.33,-0.3522112327,-1
489,2022-06-09,0,0,0,0,0,0,0,0,0,0,0,0,0,0,0,0,30677.87,29924.47,30189.27,20555.57,620735850.9,30082.94,-1015.56,-3.375866853,-1
490,2022-06-10,0,0,0,0,0,0,0,0,0,0,0,0,0,0,0,0,30336.9,28839.92,30082.94,38461.6,1133049950,29067.38,-677.89,-2.332133133,-1
491,2022-06-11,0,0,0,0,0,0,0,0,0,0,0,0,0,0,0,0,29414.37,28105.18,29067.38,24313.37,696986226.3,28389.49,-1802.14,-6.347912555,-1
492,2022-06-12,0,0,0,0,0,0,0,0,0,0,0,0,0,0,0,0,28519.32,26570.67,28389.49,38522.37,1060464718,26587.35,-4115.76,-15.48014375,-1
493,2022-06-13,0,0,0,0,0,0,0,0,0,0,0,0,0,0,0,0,26871.6,21976.15,26587.35,169741.38,4089411013,22471.59,-353.22,-1.571851391,-1
494,2022-06-14,2700864,51.73801954,164.9606279,436.7126518,76.8002,43.366,19.708,443.929,215145.992,114084.075,2371637.846,348121.3522,2274890.776,141136.2998,1051514.659,-488102,23214.28,20837.64,22471.59,93509.58,2063908671,22118.37,448.36,2.027093317,1
495,2022-06-15,19618491,153.3691415,537.7086175,1417.893761,204.0288,138.261,75.335,1452.398,1717823.935,1757009.709,16143611.3,319903.6056,16022493.43,1498955.447,5638916.667,-4548313,22743.84,20083.9,22118.37,118629.55,2516136880,22566.73,-2193.88,-9.721745242,-1
496,2022-06-16,0,0,0,0,0,0,0,0,0,0,0,0,0,0,0,0,22961.17,20209.17,22566.73,62443.29,1326876815,20372.85,59.41,0.2916135936,1
497,2022-06-17,2667657,28.05237192,147.2671289,428.6525957,62.2596,34.749,20.38,441.865,225642.785,139505.98,2302490.446,383879.2601,2225764.365,83539.32584,501230.7401,15798,21330.5,20221.24,20372.85,63610.58,1312456706,20432.26,-1478.01,-7.233707872,-1
498,2022-06-18,5999737,77.20783802,290.0594737,829.950947,110.4847,73.094,43.327,855.563,786680.15,177341.932,5035893.048,2040899.454,5132117.208,1314940.582,1947744.712,-134764,20722.69,17600.75,20432.26,100138.03,1898530847,18954.25,1599.23,8.437316169,1
499,2022-06-19,1925778,26.32140091,119.6671426,338.5666076,34.6017,28.193,20.364,350.445,236000.871,77635.056,1612126.582,399880.3725,1668021.608,76209.44563,409318.2001,8948,20776.87,17936,18954.25,61181.89,1190970310,20553.48,-2.57,-0.01250396527,-1
500,2022-06-20,0,0,0,0,0,0,0,0,0,0,0,0,0,0,0,0,21016.02,19616.32,20553.48,48976.59,995940744.8,20550.91,148.3,0.7216225462,1
501,2022-06-21,0,0,0,0,0,0,0,0,0,0,0,0,0,0,0,0,21694.7,20339.03,20550.91,45262.22,954292227.7,20699.21,-743.05,-3.589750527,-1
502,2022-06-22,0,0,0,0,0,0,0,0,0,0,0,0,0,0,0,0,20862.67,19756.23,20699.21,50640.15,1027725806,19956.16,1142.25,5.723796562,1
503,2022-06-23,13322095,75.40381968,250.2795826,721.9742293,104.0475,61.259,37.589,738.145,540857.575,621377.634,12159754.02,370372.3433,11109594.66,562168.1757,3593583.676,2576731,21195.95,19870.07,19956.16,40647.06,836636021.3,21098.41,121.05,0.5737399169,1
504,2022-06-24,744235,12.72031693,49.25118766,147.0432734,21.9315,12.168,8.541,148.295,77634.928,35244.888,631369.633,154800.1631,634544.5129,48622.40914,201593.8872,39121,21528.86,20717.47,21098.41,40303.85,850728330.9,21219.46,254.73,1.200454677,1
505,2022-06-25,4865148,80.931494,210.7852131,626.7315638,119.5889,63.248,30.523,638.227,383462.673,202934.282,4278107.676,532756.4182,4168244.251,435715.2953,1269979.324,-206487,21587.06,20902.05,21219.46,21604.15,459148971.1,21474.19,-442.34,-2.059868149,-1
506,2022-06-26,9270386,102.6928736,264.7727338,762.3638722,140.6075,80.371,39.41,771.219,1047148.839,457201.57,7766001.741,1881362.396,8044853.166,280971.4278,4280561.166,-25224,21855.84,20968.82,21474.19,20812.53,445023789.8,21031.85,-313.69,-1.491499797,-1
507,2022-06-27,0,0,0,0,0,0,0,0,0,0,0,0,0,0,0,0,21505.42,20553.32,21031.85,30683.89,643546203.1,20718.16,-466.2,-2.250199825,-1
508,2022-06-28,1401794,19.04848082,68.84780333,218.5171307,36.5626,18.308,9.113,225.577,129360.125,42752.422,1229733.498,429731.2421,1233703.649,121071.7464,450423.3244,441406,21184.16,20179.52,20718.16,32936.56,680727935.7,20251.96,-157.8,-0.779183842,-1
509,2022-06-29,8599795,98.94018163,296.3279498,855.938073,148.0214,78.834,39.854,874.318,746845.291,149580.25,7703242.651,2491473.222,7551657.917,1290471.651,2432822.953,322424,20402.7,19844.86,20251.96,37366.3,751143299,20094.16,-185.67,-0.9239998089,-1
510,2022-06-30,0,0,0,0,0,0,0,0,0,0,0,0,0,0,0,0,20138.96,18622.86,20094.16,56316.14,1084138608,19908.49,-659.16,-3.310949248,-1
511,2022-07-01,0,0,0,0,0,0,0,0,0,0,0,0,0,0,0,0,20817.65,18952.12,19908.49,62287.55,1220917104,19249.33,-23.67,-0.1229653188,-1
512,2022-07-02,1873315,26.62039261,60.82050779,186.9893193,36.3414,18.454,7.99,193.558,55395.269,30906.238,1787076.233,97990.7661,1657404.375,64349.49654,156418.9135,69613,19419.25,18965.44,19249.33,20447.36,393018265.8,19225.66,68.55,0.3565547295,1
513,2022-07-03,3569044,47.54873202,137.2204269,374.2935612,83.3661,43.177,14.619,376.204,286828.294,178693.427,3103514.588,340658.8157,3041110.349,298943.9126,1065177.618,-447795,19617.18,18768.2,19225.66,22431.91,430213883.5,19294.21,918.6,4.761013796,1
514,2022-07-04,0,0,0,0,0,0,0,0,0,0,0,0,0,0,0,0,20313.34,19036.44,19294.21,31698.75,623812499.2,20212.81,-54.12,-0.2677509955,-1
515,2022-07-05,0,0,0,0,0,0,0,0,0,0,0,0,0,0,0,0,20725.51,19284.32,20212.81,46669.86,931653558.4,20158.69,386.35,1.916543188,1
516,2022-07-06,0,0,0,0,0,0,0,0,0,0,0,0,0,0,0,0,20637.99,19749.93,20158.69,39337.75,794040793.3,20545.04,1066.76,5.192299455,1
517,2022-07-07,0,0,0,0,0,0,0,0,0,0,0,0,0,0,0,0,21840.22,20242.62,20545.04,50417.79,1059807102,21611.8,-19.15,-0.08860900064,-1
518,2022-07-08,0,0,0,0,0,0,0,0,0,0,0,0,0,0,0,0,22377.17,21183.19,21611.8,56687.83,1233183200,21592.65,-10.48,-0.04853503391,-1
519,2022-07-09,0,0,0,0,0,0,0,0,0,0,0,0,0,0,0,0,21942.8,21328.96,21592.65,21058.31,455218724.8,21582.17,-735.64,-3.408554376,-1
520,2022-07-10,0,0,0,0,0,0,0,0,0,0,0,0,0,0,0,0,21591.09,20671.26,21582.17,23037.78,485593616,20846.53,-902.28,-4.328202344,-1
521,2022-07-11,944172,14.22619408,51.00431097,170.7378721,24.1562,11.596,4.639,177.763,61783.654,35168.948,847198.268,102374.802,815197.4203,32561.44823,213006.0275,79156,20852.04,19872.03,20846.53,37062.98,756481179.5,19944.25,-634.54,-3.181568623,-1
522,2022-07-12,5556941,47.61192992,157.998897,504.178788,92.9687,44.331,17.104,517.562,257975.691,86499.343,5212564.425,551171.05,4820794.523,274889.9826,745091.4167,245654,20036.49,19230.29,19944.25,44319.07,873486517.4,19309.71,921.1,4.770138961,1
523,2022-07-13,11420143,85.61553047,264.8376873,800.3212644,119.5856,67.093,34.179,838.731,738853.214,881765.675,9799652.5,1387343.914,8499508.629,260732.1956,4161119.732,-367792,20274.83,18919.1,19309.71,60187.72,1176644138,20230.81,346.57,1.713080198,1
524,2022-07-14,11303501,121.5175554,325.2158534,890.7141118,182.4707,94.736,40.66,909.594,1084978.171,397792.399,9820449.9,2374032.886,9659403.347,1227002.17,3127955.246,855040,20869.51,19620.06,20230.81,50524.15,1021414563,20577.38,249.89,1.214391725,1
525,2022-07-15,11579952,108.4452113,270.5896312,798.7749848,156.9393,78.631,32.529,833.845,1604510.922,400121.464,9576289.024,3475920.527,9023992.807,2713017.967,3772643.24,1137833,21185.15,20373.45,20577.38,35888.21,747216252.4,20827.27,371.74,1.784871469,1
526,2022-07-16,8132098,87.22654094,237.7508904,718.3376803,140.5307,70.509,25.519,737.965,643087.929,112824.741,7376209.597,1786995.693,7168573.301,600272.0059,1677418.85,148819,21574.75,20481.02,20827.27,27875.55,586102523.5,21199.01,-406.2,-1.916127215,-1
527,2022-07-17,2990476,40.44096254,123.2884432,349.441589,53.5573,28.646,13.763,361.595,120767.759,132517.894,2737066.524,-8238.0378,2567233.875,145265.5128,629300.189,-206898,21658.47,20752.85,21199.01,25674.37,544609266,20792.81,-20792.81,-100,-1